# total_frames:1 beg:0 end:0 stride:1 interaction_types:hp,sb,pc,ps,ts,vdw,hb
# Columns: frame, interaction_type, atom_1, atom_2[, atom_3[, atom_4]]
0	sb	A:ARG:778:NH2	A:ASP:853:OD1
0	sb	A:ARG:778:NH1	A:ASP:853:OD2
0	sb	A:ARG:744:NH1	A:ASP:664:OD1
0	sb	A:ASP:905:OD2	A:LYS:901:NZ
0	sb	A:ARG:600:NH2	A:GLU:566:OE1
0	sb	A:ARG:920:NH2	A:ASP:917:OD1
0	sb	A:ARG:895:NH1	A:ASP:603:OD2
0	sb	A:ARG:727:NH2	A:GLU:724:OE1
0	sb	A:ASP:603:OD2	A:HIS:899:NE2
0	sb	A:ARG:589:NH1	A:ASP:591:OD2
0	sb	A:ARG:778:NH2	A:ASP:853:OD2
0	sb	A:ASP:905:OD1	A:LYS:901:NZ
0	sb	A:ARG:744:NH2	A:GLU:759:OE1
0	sb	A:ARG:727:NH2	A:GLU:724:OE2
0	sb	A:ARG:778:NH1	A:ASP:853:OD1
0	sb	A:GLU:738:OE2	A:LYS:657:NZ
0	sb	A:ARG:744:NH2	A:GLU:759:OE2
0	pc	A:ARG:744:NH1	A:TYR:663:CE1
0	pc	A:LYS:599:NZ	A:TYR:595:CE1
0	pc	A:ARG:920:NH2	A:TRP:921:CD2
0	pc	A:HIS:899:NE2	A:TYR:936:CE1
0	pc	A:HIS:609:ND1	A:PHE:639:CE1
0	pc	A:ARG:545:NH1	A:PHE:542:CE1
0	pc	A:HIS:609:NE2	A:PHE:639:CE1
0	pc	A:HIS:841:ND1	A:TYR:842:CE1
0	pc	A:LYS:718:NZ	A:TRP:702:CD2
0	ps	A:HIS:841:CD2	A:TYR:842:CE1
0	vdw	A:GLU:575:OE2	A:SER:579:OG
0	vdw	A:GLU:575:O	A:SER:579:CB
0	vdw	A:GLU:575:OE2	A:SER:579:CB
0	vdw	A:LYS:574:O	A:SER:578:CB
0	vdw	A:LYS:574:O	A:SER:578:OG
0	vdw	A:PHE:606:CD1	A:SER:578:OG
0	vdw	A:LYS:574:CG	A:PHE:606:CE1
0	vdw	A:GLN:581:OE1	A:GLU:516:N
0	vdw	A:GLN:581:OE1	A:GLU:516:CB
0	vdw	A:LYS:517:CD	A:SER:579:O
0	vdw	A:HIS:580:CE1	A:LEU:576:O
0	vdw	A:HIS:580:CE1	A:THR:519:CG2
0	vdw	A:HIS:580:N	A:SER:578:C
0	vdw	A:GLU:575:O	A:SER:579:N
0	vdw	A:LEU:576:O	A:SER:579:N
0	vdw	A:HIS:580:N	A:LEU:576:O
0	vdw	A:MET:577:O	A:SER:579:N
0	vdw	A:MET:577:C	A:SER:579:N
0	vdw	A:HIS:580:CA	A:LYS:517:O
0	vdw	A:GLU:575:C	A:MET:577:N
0	vdw	A:GLU:575:C	A:SER:579:OG
0	vdw	A:GLU:575:O	A:MET:577:N
0	vdw	A:GLU:575:O	A:SER:579:OG
0	vdw	A:LEU:576:O	A:SER:579:OG
0	vdw	A:GLU:575:O	A:SER:578:N
0	vdw	A:LEU:576:C	A:SER:578:N
0	vdw	A:LEU:576:O	A:SER:578:N
0	vdw	A:LYS:574:O	A:MET:577:N
0	vdw	A:LEU:576:N	A:VAL:573:O
0	vdw	A:LEU:576:N	A:LYS:574:C
0	vdw	A:MET:577:N	A:VAL:573:O
0	vdw	A:HIS:580:ND1	A:LEU:576:C
0	vdw	A:HIS:580:CG	A:LEU:576:O
0	vdw	A:HIS:580:ND1	A:LEU:576:O
0	vdw	A:LYS:574:O	A:SER:578:CA
0	vdw	A:MET:577:O	A:VAL:608:CB
0	vdw	A:LYS:574:O	A:SER:578:N
0	vdw	A:GLU:575:N	A:VAL:573:C
0	vdw	A:GLU:575:N	A:VAL:573:O
0	vdw	A:LYS:572:C	A:LYS:574:N
0	vdw	A:LYS:574:N	A:PHE:570:O
0	vdw	A:LYS:574:CA	A:PHE:570:O
0	vdw	A:LYS:574:CA	A:PHE:606:CZ
0	vdw	A:LYS:574:CB	A:PHE:570:O
0	vdw	A:LYS:574:CB	A:PHE:606:CZ
0	vdw	A:MET:577:CB	A:VAL:573:O
0	vdw	A:MET:577:CG	A:VAL:573:O
0	vdw	A:LYS:572:N	A:PHE:570:C
0	vdw	A:ALA:571:C	A:VAL:573:N
0	vdw	A:LYS:572:N	A:PHE:569:C
0	vdw	A:LYS:572:N	A:PHE:569:O
0	vdw	A:LYS:572:CA	A:PHE:569:O
0	vdw	A:LYS:572:C	A:PHE:569:O
0	vdw	A:GLU:568:O	A:LYS:572:N
0	vdw	A:ASN:930:CB	A:HIS:928:ND1
0	vdw	A:ASN:930:CG	A:HIS:928:ND1
0	vdw	A:ASN:930:CG	A:HIS:928:CE1
0	vdw	A:ASN:930:OD1	A:HIS:928:CE1
0	vdw	A:ASN:930:ND2	A:HIS:928:ND1
0	vdw	A:ASN:930:ND2	A:HIS:928:CE1
0	vdw	A:ASN:930:CB	A:GLY:607:O
0	vdw	A:ASN:930:ND2	A:GLY:607:O
0	vdw	A:HIS:928:CD2	A:PHE:606:C
0	vdw	A:PHE:606:C	A:VAL:608:N
0	vdw	A:ALA:601:O	A:PHE:606:N
0	vdw	A:ALA:601:O	A:PHE:606:CB
0	vdw	A:ALA:601:C	A:PHE:606:CD2
0	vdw	A:ALA:601:O	A:PHE:606:CD2
0	vdw	A:LYS:574:CA	A:PHE:606:CE1
0	vdw	A:LYS:574:CB	A:PHE:606:CE1
0	vdw	A:MET:577:CB	A:PHE:606:CB
0	vdw	A:MET:577:SD	A:PHE:606:CD2
0	vdw	A:ILE:604:C	A:PHE:606:N
0	vdw	A:PHE:570:O	A:PHE:606:CZ
0	vdw	A:LYS:572:N	A:PHE:570:O
0	vdw	A:PHE:570:O	A:VAL:573:CG2
0	vdw	A:PHE:606:CE2	A:VAL:573:CG2
0	vdw	A:PHE:570:O	A:VAL:573:N
0	vdw	A:LYS:567:O	A:PHE:570:CB
0	vdw	A:ALA:571:N	A:LYS:567:O
0	vdw	A:ALA:571:CA	A:LYS:567:O
0	vdw	A:ALA:571:CB	A:LYS:567:O
0	vdw	A:LYS:567:O	A:PHE:570:N
0	vdw	A:ALA:571:N	A:PHE:569:C
0	vdw	A:ALA:571:N	A:PHE:569:O
0	vdw	A:LYS:567:O	A:PHE:569:N
0	vdw	A:ALA:571:N	A:GLU:568:C
0	vdw	A:ALA:571:N	A:GLU:568:O
0	vdw	A:ALA:571:CA	A:GLU:568:O
0	vdw	A:ALA:571:CB	A:GLU:568:O
0	vdw	A:GLU:566:O	A:PHE:570:CB
0	vdw	A:GLU:724:O	A:SER:728:CB
0	vdw	A:ASN:930:N	A:HIS:928:C
0	vdw	A:ASN:930:N	A:HIS:928:ND1
0	vdw	A:ARG:932:NH1	A:PRO:929:CA
0	vdw	A:ARG:932:NH1	A:PRO:929:CB
0	vdw	A:LEU:931:N	A:PRO:929:C
0	vdw	A:ARG:932:N	A:PRO:929:C
0	vdw	A:LEU:931:N	A:PRO:929:O
0	vdw	A:ARG:932:N	A:PRO:929:O
0	vdw	A:ARG:932:CB	A:PRO:929:O
0	vdw	A:ASN:930:N	A:HIS:928:O
0	vdw	A:HIS:928:CB	A:ILE:604:O
0	vdw	A:HIS:928:CG	A:ILE:604:O
0	vdw	A:ASP:603:O	A:HIS:928:CA
0	vdw	A:ASP:603:O	A:HIS:928:CB
0	vdw	A:PRO:929:N	A:VAL:927:O
0	vdw	A:GLY:607:CA	A:HIS:928:CB
0	vdw	A:GLY:607:N	A:HIS:928:CG
0	vdw	A:GLY:607:CA	A:HIS:928:CG
0	vdw	A:GLY:607:CA	A:HIS:928:ND1
0	vdw	A:HIS:928:CD2	A:ILE:604:O
0	vdw	A:HIS:928:CD2	A:THR:605:O
0	vdw	A:GLY:607:N	A:HIS:928:CD2
0	vdw	A:GLY:607:CA	A:HIS:928:CD2
0	vdw	A:PHE:570:CD2	A:THR:605:CB
0	vdw	A:PHE:570:CE2	A:THR:605:CB
0	vdw	A:PHE:570:CD2	A:THR:605:OG1
0	vdw	A:PHE:570:CE2	A:THR:605:OG1
0	vdw	A:PHE:570:CD2	A:THR:605:CG2
0	vdw	A:PHE:570:CE2	A:THR:605:CG2
0	vdw	A:ALA:601:O	A:THR:605:CB
0	vdw	A:GLY:607:N	A:THR:605:C
0	vdw	A:LYS:567:C	A:PHE:569:N
0	vdw	A:ARG:727:NE	A:GLU:724:OE1
0	vdw	A:ARG:727:CZ	A:GLU:724:OE1
0	vdw	A:ARG:727:NH2	A:GLU:724:CD
0	vdw	A:ARG:727:NH2	A:GLU:724:OE1
0	vdw	A:ARG:727:NH2	A:GLU:724:OE2
0	vdw	A:GLU:724:CG	A:LYS:720:O
0	vdw	A:ASN:923:C	A:GLY:925:N
0	vdw	A:ASN:923:O	A:GLY:925:N
0	vdw	A:ALA:926:N	A:ASN:923:O
0	vdw	A:ARG:920:O	A:SER:924:N
0	vdw	A:GLY:922:C	A:SER:924:N
0	vdw	A:ALA:926:CB	A:ASN:923:O
0	vdw	A:ARG:920:O	A:SER:924:CB
0	vdw	A:ARG:920:O	A:SER:924:OG
0	vdw	A:ARG:920:O	A:ASN:923:CA
0	vdw	A:ARG:920:O	A:ASN:923:CB
0	vdw	A:ALA:919:O	A:ASN:923:CG
0	vdw	A:ALA:919:O	A:ASN:923:OD1
0	vdw	A:ARG:920:C	A:GLY:922:N
0	vdw	A:ARG:920:C	A:ASN:923:N
0	vdw	A:ARG:920:O	A:GLY:922:N
0	vdw	A:ARG:920:O	A:ASN:923:N
0	vdw	A:ALA:766:O	A:LEU:769:CA
0	vdw	A:ALA:766:O	A:LEU:769:C
0	vdw	A:ALA:766:O	A:LEU:769:CB
0	vdw	A:ALA:765:O	A:LEU:769:CB
0	vdw	A:ASP:717:CB	A:GLN:714:O
0	vdw	A:ALA:919:C	A:GLY:922:N
0	vdw	A:ALA:919:O	A:GLY:922:N
0	vdw	A:ALA:919:O	A:GLY:922:CA
0	vdw	A:ALA:919:O	A:GLY:922:C
0	vdw	A:ALA:919:O	A:ASN:923:N
0	vdw	A:ALA:919:C	A:TRP:921:N
0	vdw	A:ALA:919:O	A:TRP:921:N
0	vdw	A:ARG:920:N	A:ASP:916:O
0	vdw	A:ARG:920:CB	A:ASP:916:O
0	vdw	A:ARG:920:CG	A:ASP:916:O
0	vdw	A:ARG:920:N	A:ASP:917:O
0	vdw	A:ARG:920:N	A:PHE:918:C
0	vdw	A:ARG:920:NE	A:ASP:917:OD1
0	vdw	A:ARG:920:CZ	A:ASP:917:OD1
0	vdw	A:ARG:920:NH2	A:ASP:917:OD1
0	vdw	A:ALA:765:O	A:LEU:769:CG
0	vdw	A:LEU:769:CD1	A:THR:716:CG2
0	vdw	A:ALA:919:CB	A:PRO:705:CG
0	vdw	A:ASP:916:N	A:LYS:914:C
0	vdw	A:ASP:916:N	A:LYS:914:O
0	vdw	A:ASP:916:C	A:PHE:918:N
0	vdw	A:ASP:916:O	A:PHE:918:N
0	vdw	A:ALA:919:N	A:ASP:916:O
0	vdw	A:GLU:709:O	A:GLU:713:CD
0	vdw	A:ASN:551:ND2	A:GLU:516:O
0	vdw	A:ARG:553:N	A:ASN:551:CG
0	vdw	A:ARG:553:CB	A:ASN:551:OD1
0	vdw	A:ARG:553:O	A:ASN:551:CG
0	vdw	A:GLU:516:OE2	A:LYS:514:CD
0	vdw	A:GLU:516:OE2	A:LYS:514:CB
0	vdw	A:ASN:551:CB	A:GLU:516:O
0	vdw	A:SER:555:N	A:TRP:518:O
0	vdw	A:HIS:580:NE2	A:SER:555:CB
0	vdw	A:HIS:580:NE2	A:SER:555:OG
0	vdw	A:SER:555:O	A:THR:519:CB
0	vdw	A:SER:555:O	A:THR:519:OG1
0	vdw	A:PRO:556:C	A:THR:519:OG1
0	vdw	A:PRO:556:O	A:THR:519:OG1
0	vdw	A:GLY:557:N	A:SER:555:O
0	vdw	A:LYS:514:C	A:PRO:549:O
0	vdw	A:GLN:581:NE2	A:LYS:514:O
0	vdw	A:ILE:515:C	A:LYS:517:N
0	vdw	A:GLN:581:CD	A:GLU:516:N
0	vdw	A:GLN:581:NE2	A:GLU:516:N
0	vdw	A:HIS:580:CD2	A:LYS:517:C
0	vdw	A:HIS:580:CD2	A:TRP:518:N
0	vdw	A:HIS:580:C	A:LYS:517:O
0	vdw	A:GLN:581:N	A:LYS:517:O
0	vdw	A:GLN:581:CA	A:LYS:517:O
0	vdw	A:GLN:581:CB	A:LYS:517:O
0	vdw	A:LYS:517:O	A:PHE:582:N
0	vdw	A:HIS:580:CB	A:LYS:517:O
0	vdw	A:HIS:580:CD2	A:TRP:518:CA
0	vdw	A:HIS:580:CD2	A:TRP:518:C
0	vdw	A:HIS:580:CD2	A:TRP:518:O
0	vdw	A:HIS:580:CG	A:THR:519:CG2
0	vdw	A:HIS:580:ND1	A:THR:519:CG2
0	vdw	A:HIS:580:NE2	A:THR:519:CB
0	vdw	A:PHE:582:O	A:TRP:518:CA
0	vdw	A:PHE:582:O	A:TRP:518:C
0	vdw	A:PHE:554:CB	A:TRP:518:O
0	vdw	A:LEU:576:CG	A:THR:519:CG2
0	vdw	A:LEU:576:CD2	A:THR:519:CG2
0	vdw	A:GLY:557:CA	A:THR:519:OG1
0	vdw	A:LEU:576:CD1	A:MET:558:CB
0	vdw	A:ARG:513:CG	A:PHE:639:O
0	vdw	A:GLN:581:NE2	A:ILE:515:CA
0	vdw	A:HIS:580:C	A:PHE:582:N
0	vdw	A:HIS:580:O	A:VAL:608:CG2
0	vdw	A:GLN:581:C	A:VAL:608:CG2
0	vdw	A:GLN:581:O	A:VAL:608:CG2
0	vdw	A:PHE:582:N	A:VAL:608:CG2
0	vdw	A:GLN:581:O	A:PHE:639:CZ
0	vdw	A:LEU:576:CD2	A:VAL:583:CG1
0	vdw	A:LEU:576:CD2	A:VAL:583:CG2
0	vdw	A:MET:558:CE	A:MET:560:SD
0	vdw	A:ARG:513:CZ	A:PHE:639:O
0	vdw	A:ARG:513:NH2	A:PHE:639:CD1
0	vdw	A:MET:577:CB	A:VAL:608:CG1
0	vdw	A:MET:577:SD	A:VAL:573:CG2
0	vdw	A:PHE:569:CZ	A:VAL:573:CG1
0	vdw	A:PHE:569:O	A:VAL:573:CG1
0	vdw	A:PHE:569:O	A:VAL:573:CG2
0	vdw	A:PHE:569:CE1	A:VAL:573:CG1
0	vdw	A:LYS:572:CB	A:PHE:569:O
0	vdw	A:PHE:569:O	A:VAL:573:N
0	vdw	A:GLU:568:O	A:LYS:572:CB
0	vdw	A:PHE:569:N	A:PRO:563:CG
0	vdw	A:GLU:568:O	A:LYS:572:CG
0	vdw	A:MET:560:CE	A:PRO:563:CG
0	vdw	A:LYS:572:CD	A:MET:560:CE
0	vdw	A:ASN:732:N	A:PRO:730:C
0	vdw	A:ASN:732:N	A:PRO:730:O
0	vdw	A:ASN:733:N	A:PRO:730:O
0	vdw	A:ASN:733:ND2	A:PRO:730:O
0	vdw	A:PRO:730:N	A:SER:728:C
0	vdw	A:PRO:730:N	A:SER:728:O
0	vdw	A:PRO:730:CD	A:SER:728:O
0	vdw	A:ARG:932:N	A:ASN:930:C
0	vdw	A:HIS:609:CE1	A:LEU:931:CD2
0	vdw	A:HIS:609:NE2	A:LEU:931:CD2
0	vdw	A:ASP:603:CA	A:LEU:931:CD1
0	vdw	A:HIS:609:CD2	A:LEU:931:CD2
0	vdw	A:ALA:602:O	A:GLY:607:N
0	vdw	A:ALA:602:O	A:GLY:607:CA
0	vdw	A:ALA:602:O	A:GLY:607:C
0	vdw	A:ALA:602:O	A:VAL:608:N
0	vdw	A:ALA:602:C	A:ILE:604:N
0	vdw	A:ALA:602:C	A:VAL:608:O
0	vdw	A:ALA:602:O	A:VAL:608:O
0	vdw	A:ALA:601:O	A:THR:605:N
0	vdw	A:ALA:601:CA	A:VAL:598:O
0	vdw	A:ALA:601:C	A:VAL:598:O
0	vdw	A:ALA:601:CA	A:PHE:570:CE2
0	vdw	A:ALA:601:CA	A:PHE:570:CZ
0	vdw	A:ALA:601:C	A:ASP:603:N
0	vdw	A:ALA:601:CB	A:MET:597:O
0	vdw	A:ALA:601:CB	A:VAL:598:O
0	vdw	A:GLU:568:C	A:PHE:570:N
0	vdw	A:GLU:568:O	A:PHE:570:N
0	vdw	A:GLU:566:O	A:PHE:569:CA
0	vdw	A:GLU:566:O	A:PHE:569:CB
0	vdw	A:GLU:566:O	A:PHE:570:N
0	vdw	A:MET:597:CE	A:PHE:569:CB
0	vdw	A:MET:597:SD	A:PHE:569:CB
0	vdw	A:PHE:569:CA	A:PRO:563:CG
0	vdw	A:GLU:568:CB	A:PRO:563:CB
0	vdw	A:GLU:568:OE1	A:PRO:563:CB
0	vdw	A:GLU:568:N	A:SER:565:O
0	vdw	A:GLU:568:N	A:SER:565:OG
0	vdw	A:GLU:568:CB	A:SER:565:O
0	vdw	A:GLU:568:CB	A:SER:565:OG
0	vdw	A:PHE:569:N	A:SER:565:O
0	vdw	A:GLU:568:OE1	A:GLY:564:N
0	vdw	A:GLU:568:OE1	A:SER:565:N
0	vdw	A:ASN:733:C	A:SER:735:N
0	vdw	A:ASN:733:O	A:SER:735:N
0	vdw	A:ARG:727:O	A:ARG:734:N
0	vdw	A:ASN:729:O	A:ASN:732:N
0	vdw	A:ASN:729:O	A:ASN:732:CA
0	vdw	A:ASN:729:O	A:ASN:732:CB
0	vdw	A:ARG:734:N	A:ASN:732:C
0	vdw	A:ARG:734:N	A:ASN:732:O
0	vdw	A:ALA:731:N	A:ASN:729:O
0	vdw	A:ARG:727:C	A:ASN:729:N
0	vdw	A:ASN:729:N	A:TRP:726:O
0	vdw	A:ALA:731:N	A:ASN:729:C
0	vdw	A:GLU:724:O	A:SER:728:OG
0	vdw	A:LEU:725:O	A:SER:728:OG
0	vdw	A:ASN:933:N	A:LEU:931:C
0	vdw	A:ASN:933:N	A:LEU:931:O
0	vdw	A:HIS:928:O	A:LEU:931:N
0	vdw	A:HIS:928:O	A:LEU:931:CA
0	vdw	A:ARG:932:N	A:HIS:928:O
0	vdw	A:LEU:931:O	A:SER:934:N
0	vdw	A:LEU:931:O	A:SER:934:CA
0	vdw	A:ARG:932:C	A:SER:934:N
0	vdw	A:LEU:931:CA	A:SER:934:OG
0	vdw	A:LEU:931:C	A:SER:934:OG
0	vdw	A:LEU:931:O	A:SER:934:CB
0	vdw	A:LEU:931:O	A:SER:934:OG
0	vdw	A:LEU:931:CB	A:VAL:927:CG1
0	vdw	A:HIS:928:O	A:LEU:931:CB
0	vdw	A:ASP:603:O	A:HIS:928:N
0	vdw	A:ALA:926:O	A:HIS:928:N
0	vdw	A:LEU:931:CB	A:SER:934:OG
0	vdw	A:ARG:600:O	A:ILE:604:N
0	vdw	A:ARG:600:O	A:ILE:604:CA
0	vdw	A:ARG:600:O	A:THR:605:N
0	vdw	A:ARG:600:O	A:ILE:604:CB
0	vdw	A:ALA:602:N	A:ARG:600:O
0	vdw	A:GLU:566:O	A:PHE:570:CG
0	vdw	A:GLU:566:C	A:PHE:570:CD1
0	vdw	A:GLU:566:O	A:PHE:570:CD1
0	vdw	A:GLU:566:CG	A:PHE:570:CD1
0	vdw	A:GLU:566:O	A:PHE:570:CE1
0	vdw	A:GLU:566:CG	A:PHE:570:CE1
0	vdw	A:GLU:566:CG	A:PHE:570:CZ
0	vdw	A:GLU:566:CD	A:PHE:570:CE1
0	vdw	A:GLU:566:OE2	A:PHE:570:CE1
0	vdw	A:GLU:566:OE2	A:PHE:570:CZ
0	vdw	A:ALA:601:N	A:PHE:570:CZ
0	vdw	A:GLU:566:C	A:GLU:568:N
0	vdw	A:GLU:566:O	A:GLU:568:N
0	vdw	A:GLU:566:O	A:PHE:569:N
0	vdw	A:LYS:567:N	A:SER:565:C
0	vdw	A:LYS:567:N	A:SER:565:O
0	vdw	A:GLU:568:CG	A:SER:565:OG
0	vdw	A:GLU:568:CD	A:SER:565:OG
0	vdw	A:ARG:727:CG	A:ARG:734:C
0	vdw	A:ARG:727:CG	A:ARG:734:O
0	vdw	A:ARG:727:CD	A:ARG:734:O
0	vdw	A:ASN:732:O	A:SER:735:N
0	vdw	A:ARG:727:O	A:ARG:734:CA
0	vdw	A:ARG:727:CG	A:ARG:734:CA
0	vdw	A:ARG:727:O	A:ASN:729:N
0	vdw	A:ARG:727:N	A:GLU:724:O
0	vdw	A:ARG:727:N	A:LEU:725:C
0	vdw	A:ARG:727:N	A:LEU:725:O
0	vdw	A:GLU:724:O	A:SER:728:N
0	vdw	A:ARG:727:N	A:LEU:723:O
0	vdw	A:ARG:727:CB	A:LEU:723:O
0	vdw	A:SER:728:N	A:TRP:726:C
0	vdw	A:SER:728:N	A:TRP:726:O
0	vdw	A:ARG:727:CA	A:SER:735:O
0	vdw	A:GLU:724:C	A:THR:721:O
0	vdw	A:LEU:725:N	A:THR:721:O
0	vdw	A:LEU:725:CA	A:THR:721:O
0	vdw	A:LEU:725:CB	A:THR:721:O
0	vdw	A:GLU:724:C	A:TRP:726:N
0	vdw	A:GLU:724:O	A:TRP:726:N
0	vdw	A:ARG:722:C	A:LEU:725:N
0	vdw	A:ARG:722:O	A:LEU:725:N
0	vdw	A:ARG:722:O	A:LEU:725:CA
0	vdw	A:ARG:722:O	A:LEU:725:CB
0	vdw	A:ARG:722:NH2	A:LEU:725:CD2
0	vdw	A:ARG:722:NH2	A:MET:700:CG
0	vdw	A:ILE:690:CG2	A:LEU:725:CG
0	vdw	A:ARG:932:O	A:SER:934:N
0	vdw	A:ILE:604:CD1	A:VAL:927:CA
0	vdw	A:ALA:926:C	A:ILE:604:CD1
0	vdw	A:ALA:926:O	A:ILE:604:CD1
0	vdw	A:ALA:926:O	A:ILE:604:CG2
0	vdw	A:GLY:925:C	A:ILE:604:CD1
0	vdw	A:HIS:899:ND1	A:ILE:604:CG1
0	vdw	A:HIS:899:CG	A:ILE:604:CD1
0	vdw	A:HIS:899:ND1	A:ILE:604:CD1
0	vdw	A:HIS:899:CD2	A:ILE:604:CD1
0	vdw	A:HIS:899:CE1	A:ILE:604:CD1
0	vdw	A:HIS:899:NE2	A:ILE:604:CD1
0	vdw	A:GLY:925:O	A:ILE:604:CD1
0	vdw	A:ARG:600:O	A:ILE:604:CG1
0	vdw	A:ILE:604:CG2	A:SER:924:O
0	vdw	A:ARG:727:CD	A:LEU:736:CG
0	vdw	A:ARG:727:CD	A:LEU:736:CD2
0	vdw	A:LEU:736:CD2	A:VAL:770:CG1
0	vdw	A:LEU:723:C	A:LEU:725:N
0	vdw	A:LEU:723:O	A:LEU:725:N
0	vdw	A:LEU:723:O	A:TRP:726:CB
0	vdw	A:LEU:723:O	A:TRP:726:N
0	vdw	A:GLU:724:N	A:THR:721:C
0	vdw	A:GLU:724:N	A:THR:721:O
0	vdw	A:GLU:724:CA	A:THR:721:O
0	vdw	A:GLU:724:CB	A:THR:721:O
0	vdw	A:ARG:722:N	A:LYS:720:C
0	vdw	A:ARG:722:N	A:LYS:720:O
0	vdw	A:GLU:724:N	A:LYS:720:O
0	vdw	A:GLU:724:CB	A:LYS:720:O
0	vdw	A:LEU:723:N	A:THR:721:C
0	vdw	A:LEU:723:N	A:THR:721:O
0	vdw	A:ARG:722:C	A:GLU:724:N
0	vdw	A:ARG:722:O	A:GLU:724:N
0	vdw	A:ARG:722:N	A:LYS:718:O
0	vdw	A:ARG:722:N	A:PHE:719:C
0	vdw	A:ARG:722:N	A:PHE:719:O
0	vdw	A:MET:700:CE	A:THR:721:OG1
0	vdw	A:LYS:718:O	A:THR:721:CA
0	vdw	A:LYS:718:O	A:THR:721:CB
0	vdw	A:LYS:718:O	A:THR:721:OG1
0	vdw	A:MET:700:SD	A:THR:721:OG1
0	vdw	A:LYS:718:CB	A:MET:700:CE
0	vdw	A:LYS:718:CD	A:MET:700:CE
0	vdw	A:ALA:926:N	A:SER:924:C
0	vdw	A:ALA:926:N	A:SER:924:O
0	vdw	A:GLY:922:O	A:GLY:925:N
0	vdw	A:ALA:926:N	A:GLY:922:O
0	vdw	A:GLY:925:N	A:TRP:921:O
0	vdw	A:LYS:775:CD	A:PRO:772:CB
0	vdw	A:LEU:736:CD1	A:TYR:771:CA
0	vdw	A:LEU:736:CD1	A:VAL:770:CG1
0	vdw	A:CYS:767:O	A:TYR:771:CA
0	vdw	A:LEU:736:CD1	A:TYR:771:CG
0	vdw	A:LEU:736:CD1	A:TYR:771:CD2
0	vdw	A:ALA:766:O	A:VAL:770:CB
0	vdw	A:ALA:766:O	A:VAL:770:CG2
0	vdw	A:ASP:717:O	A:LYS:720:N
0	vdw	A:LYS:718:C	A:LYS:720:N
0	vdw	A:LYS:718:O	A:LYS:720:N
0	vdw	A:ASP:717:O	A:LYS:720:CA
0	vdw	A:ASP:717:O	A:LYS:720:C
0	vdw	A:ASP:717:O	A:LYS:720:CB
0	vdw	A:LYS:720:N	A:THR:716:O
0	vdw	A:ASP:717:C	A:LYS:720:N
0	vdw	A:LYS:720:CA	A:THR:716:O
0	vdw	A:LYS:720:CB	A:THR:716:O
0	vdw	A:ASP:717:CA	A:LYS:720:CB
0	vdw	A:ASP:717:C	A:LYS:720:CB
0	vdw	A:LEU:723:N	A:LYS:720:O
0	vdw	A:LEU:723:CB	A:LYS:720:O
0	vdw	A:ASP:717:O	A:THR:721:N
0	vdw	A:ASP:717:O	A:THR:721:CG2
0	vdw	A:LYS:718:C	A:THR:721:N
0	vdw	A:LYS:718:O	A:THR:721:N
0	vdw	A:LYS:718:O	A:THR:721:CG2
0	vdw	A:ASP:717:O	A:PHE:719:N
0	vdw	A:PHE:719:C	A:THR:721:N
0	vdw	A:PHE:719:O	A:THR:721:N
0	vdw	A:LYS:718:O	A:MET:700:SD
0	vdw	A:GLN:714:O	A:LYS:718:CB
0	vdw	A:GLN:714:C	A:LYS:718:CG
0	vdw	A:GLN:714:O	A:LYS:718:CG
0	vdw	A:LYS:718:CB	A:TRP:702:CZ3
0	vdw	A:LYS:718:CB	A:TRP:702:CH2
0	vdw	A:LYS:718:CG	A:TRP:702:CZ3
0	vdw	A:LYS:718:CG	A:TRP:702:CH2
0	vdw	A:LYS:718:CG	A:TRP:702:CE3
0	vdw	A:LYS:718:CB	A:PHE:715:O
0	vdw	A:ASN:923:N	A:TRP:921:C
0	vdw	A:GLY:922:N	A:PHE:918:O
0	vdw	A:ASN:703:ND2	A:GLY:922:N
0	vdw	A:ASN:703:CG	A:GLY:922:CA
0	vdw	A:ASN:703:ND2	A:GLY:922:CA
0	vdw	A:ASP:917:O	A:TRP:921:N
0	vdw	A:ASP:917:O	A:TRP:921:CA
0	vdw	A:ASP:917:O	A:TRP:921:CB
0	vdw	A:GLN:900:CG	A:TRP:921:O
0	vdw	A:GLU:902:CB	A:TRP:921:CG
0	vdw	A:GLU:902:CB	A:TRP:921:CD1
0	vdw	A:GLU:902:CB	A:TRP:921:NE1
0	vdw	A:GLU:902:CG	A:TRP:921:CD1
0	vdw	A:GLU:902:CG	A:TRP:921:NE1
0	vdw	A:GLU:902:CB	A:TRP:921:CE2
0	vdw	A:ALA:773:O	A:LYS:775:CG
0	vdw	A:ALA:773:C	A:LYS:775:N
0	vdw	A:ALA:773:O	A:LYS:775:N
0	vdw	A:ALA:773:N	A:TYR:771:O
0	vdw	A:GLY:774:N	A:PRO:772:O
0	vdw	A:LYS:775:N	A:PRO:772:O
0	vdw	A:LYS:775:CB	A:PRO:772:O
0	vdw	A:CYS:767:O	A:TYR:771:N
0	vdw	A:CYS:767:O	A:TYR:771:CB
0	vdw	A:CYS:767:O	A:LEU:769:N
0	vdw	A:CYS:767:O	A:VAL:770:N
0	vdw	A:LYS:768:O	A:VAL:770:N
0	vdw	A:CYS:767:O	A:TYR:771:CG
0	vdw	A:CYS:767:O	A:TYR:771:CD1
0	vdw	A:ALA:766:C	A:LYS:768:N
0	vdw	A:ALA:766:C	A:LEU:769:N
0	vdw	A:ALA:766:O	A:LYS:768:N
0	vdw	A:ALA:766:O	A:LEU:769:N
0	vdw	A:ALA:766:O	A:VAL:770:N
0	vdw	A:CYS:767:C	A:LEU:769:N
0	vdw	A:CYS:767:C	A:VAL:770:N
0	vdw	A:ALA:765:C	A:LYS:768:N
0	vdw	A:ALA:765:O	A:LYS:768:N
0	vdw	A:ALA:765:O	A:LEU:769:N
0	vdw	A:ARG:764:O	A:LYS:768:N
0	vdw	A:CYS:767:C	A:TYR:771:CD1
0	vdw	A:ALA:766:CA	A:THR:716:CG2
0	vdw	A:ALA:766:CA	A:VAL:763:O
0	vdw	A:LYS:718:N	A:THR:716:C
0	vdw	A:LYS:718:N	A:THR:716:O
0	vdw	A:GLN:714:C	A:THR:716:N
0	vdw	A:GLN:714:O	A:THR:716:N
0	vdw	A:ASP:717:N	A:GLN:714:O
0	vdw	A:GLN:714:O	A:LYS:718:N
0	vdw	A:ASP:717:N	A:PHE:715:C
0	vdw	A:ASP:717:N	A:PHE:715:O
0	vdw	A:LYS:718:N	A:PHE:715:C
0	vdw	A:LYS:718:N	A:PHE:715:O
0	vdw	A:ALA:766:CB	A:THR:716:O
0	vdw	A:PHE:719:N	A:THR:716:O
0	vdw	A:ASP:717:C	A:PHE:719:N
0	vdw	A:LEU:762:O	A:THR:716:CA
0	vdw	A:GLN:714:CB	A:SER:710:O
0	vdw	A:ASN:703:O	A:GLN:714:CD
0	vdw	A:GLN:714:CD	A:TRP:702:CD1
0	vdw	A:ASN:703:O	A:PRO:705:CD
0	vdw	A:ALA:919:N	A:ASP:917:C
0	vdw	A:ALA:919:N	A:ASP:917:O
0	vdw	A:ASN:703:ND2	A:PHE:918:O
0	vdw	A:ALA:919:N	A:THR:915:O
0	vdw	A:ASP:917:C	A:TRP:921:CD2
0	vdw	A:ASP:917:C	A:TRP:921:CE3
0	vdw	A:ASP:917:O	A:TRP:921:CD2
0	vdw	A:ASP:917:O	A:TRP:921:CE3
0	vdw	A:ASP:917:CA	A:LYS:914:O
0	vdw	A:ASP:917:C	A:LYS:914:O
0	vdw	A:PHE:918:CA	A:THR:915:O
0	vdw	A:PHE:918:C	A:THR:915:O
0	vdw	A:ASP:917:O	A:TRP:921:CG
0	vdw	A:ASP:917:CB	A:TRP:921:CE3
0	vdw	A:ASP:917:CB	A:TRP:921:CZ3
0	vdw	A:ASP:917:CB	A:TRP:921:CH2
0	vdw	A:ASP:917:CG	A:TRP:921:CH2
0	vdw	A:TRP:921:CZ3	A:VAL:913:CB
0	vdw	A:TRP:921:CZ3	A:VAL:913:CG1
0	vdw	A:LEU:903:CD1	A:TRP:921:CE3
0	vdw	A:LEU:903:CA	A:TRP:921:CE3
0	vdw	A:LEU:903:CB	A:TRP:921:CE3
0	vdw	A:LEU:903:CA	A:TRP:921:CZ3
0	vdw	A:ALA:765:O	A:LYS:768:CA
0	vdw	A:ALA:765:O	A:LYS:768:CB
0	vdw	A:LEU:776:CD2	A:LYS:768:CA
0	vdw	A:ARG:764:O	A:LYS:768:CB
0	vdw	A:LYS:768:C	A:VAL:770:N
0	vdw	A:ALA:765:C	A:CYS:767:N
0	vdw	A:ALA:765:O	A:CYS:767:N
0	vdw	A:ALA:766:N	A:THR:716:CG2
0	vdw	A:ALA:765:CB	A:PRO:761:O
0	vdw	A:ALA:765:CB	A:LEU:762:O
0	vdw	A:ALA:766:CB	A:THR:716:CG2
0	vdw	A:LEU:762:O	A:THR:716:OG1
0	vdw	A:GLU:713:CA	A:SER:710:O
0	vdw	A:GLU:713:C	A:SER:710:O
0	vdw	A:GLN:714:N	A:SER:710:O
0	vdw	A:GLN:714:N	A:THR:712:C
0	vdw	A:GLN:714:N	A:THR:712:O
0	vdw	A:GLN:714:N	A:MET:711:C
0	vdw	A:GLN:714:N	A:MET:711:O
0	vdw	A:MET:711:O	A:PHE:715:N
0	vdw	A:GLN:714:CG	A:SER:710:O
0	vdw	A:GLN:714:NE2	A:SER:710:O
0	vdw	A:ASN:704:OD1	A:SER:710:CB
0	vdw	A:ASN:704:OD1	A:GLN:714:NE2
0	vdw	A:ASN:704:CA	A:SER:710:CB
0	vdw	A:ASN:704:C	A:SER:710:CB
0	vdw	A:ASN:704:CB	A:SER:710:CB
0	vdw	A:GLY:707:O	A:SER:710:CB
0	vdw	A:ASN:703:O	A:GLN:714:NE2
0	vdw	A:GLN:714:NE2	A:TRP:702:CD1
0	vdw	A:SER:710:O	A:THR:712:N
0	vdw	A:PRO:705:CD	A:SER:710:OG
0	vdw	A:ASN:703:C	A:PRO:705:CD
0	vdw	A:PRO:705:CB	A:THR:915:OG1
0	vdw	A:ASP:917:N	A:LYS:914:C
0	vdw	A:ASP:917:N	A:LYS:914:O
0	vdw	A:LYS:914:O	A:PHE:918:N
0	vdw	A:ASP:917:N	A:THR:915:C
0	vdw	A:PHE:918:N	A:THR:915:C
0	vdw	A:ASP:917:N	A:THR:915:O
0	vdw	A:PHE:918:N	A:THR:915:O
0	vdw	A:PHE:918:CB	A:THR:915:O
0	vdw	A:ASP:917:CB	A:LYS:914:O
0	vdw	A:ASP:917:CG	A:LYS:914:CB
0	vdw	A:ASP:917:OD2	A:LYS:914:CB
0	vdw	A:GLU:709:O	A:GLU:713:N
0	vdw	A:GLU:709:O	A:GLU:713:CB
0	vdw	A:GLU:713:N	A:SER:710:O
0	vdw	A:GLU:713:CB	A:SER:710:O
0	vdw	A:GLU:713:N	A:MET:711:C
0	vdw	A:GLU:713:N	A:MET:711:O
0	vdw	A:GLU:713:N	A:SER:710:C
0	vdw	A:GLU:709:O	A:GLU:713:CG
0	vdw	A:GLU:709:C	A:GLY:707:O
0	vdw	A:GLY:707:O	A:SER:710:CA
0	vdw	A:GLU:709:O	A:THR:712:N
0	vdw	A:GLU:709:O	A:THR:712:CB
0	vdw	A:GLU:709:C	A:MET:711:N
0	vdw	A:HIS:706:CB	A:SER:710:OG
0	vdw	A:HIS:706:N	A:SER:710:OG
0	vdw	A:HIS:706:CA	A:SER:710:OG
0	vdw	A:PRO:705:N	A:SER:710:OG
0	vdw	A:PRO:705:O	A:THR:915:OG1
0	vdw	A:THR:915:N	A:VAL:913:O
0	vdw	A:GLU:709:CB	A:HIS:706:O
0	vdw	A:ILE:550:O	A:PRO:552:N
0	vdw	A:ILE:550:O	A:PRO:552:CD
0	vdw	A:ARG:553:N	A:ASN:551:OD1
0	vdw	A:ARG:553:CA	A:ASN:551:OD1
0	vdw	A:ARG:553:C	A:ASN:551:OD1
0	vdw	A:ARG:553:O	A:ASN:551:OD1
0	vdw	A:ARG:553:N	A:ASN:551:C
0	vdw	A:ARG:553:N	A:ASN:551:O
0	vdw	A:PHE:554:CE1	A:TYR:520:CE1
0	vdw	A:PHE:554:CZ	A:PRO:533:CA
0	vdw	A:PHE:554:CZ	A:PRO:533:O
0	vdw	A:PHE:554:CZ	A:PRO:533:CB
0	vdw	A:ARG:553:O	A:ASN:551:CB
0	vdw	A:ASN:551:N	A:ILE:515:O
0	vdw	A:ASN:551:CB	A:ILE:515:O
0	vdw	A:ASN:544:OD1	A:ILE:550:O
0	vdw	A:ASN:544:CG	A:ILE:550:O
0	vdw	A:ASN:544:ND2	A:ILE:550:O
0	vdw	A:ASN:551:C	A:TRP:518:NE1
0	vdw	A:ASN:551:O	A:TRP:518:NE1
0	vdw	A:ASN:551:O	A:TRP:518:CE2
0	vdw	A:PHE:554:CB	A:TRP:518:CE2
0	vdw	A:ASN:551:O	A:TRP:518:CZ2
0	vdw	A:ILE:550:CG1	A:TRP:518:CD1
0	vdw	A:ILE:550:CG1	A:TRP:518:NE1
0	vdw	A:ILE:550:CD1	A:TRP:518:NE1
0	vdw	A:ILE:550:CG1	A:TRP:518:CE2
0	vdw	A:ILE:550:CD1	A:TRP:518:CE2
0	vdw	A:PHE:554:CB	A:TRP:518:CZ2
0	vdw	A:PHE:554:CB	A:TRP:518:CH2
0	vdw	A:PHE:554:CD2	A:TRP:518:CZ2
0	vdw	A:PHE:554:CD2	A:TRP:518:CH2
0	vdw	A:GLY:557:CA	A:TYR:520:CD1
0	vdw	A:GLY:557:N	A:TYR:520:CE1
0	vdw	A:GLY:557:CA	A:TYR:520:CE1
0	vdw	A:MET:536:CG	A:TYR:520:CD1
0	vdw	A:GLY:557:CA	A:TYR:520:CZ
0	vdw	A:GLY:557:CA	A:TYR:520:O
0	vdw	A:GLY:557:C	A:TYR:520:O
0	vdw	A:GLY:557:CA	A:TYR:520:CE2
0	vdw	A:PRO:533:CG	A:TYR:520:OH
0	vdw	A:ARG:513:C	A:PRO:549:CG
0	vdw	A:ARG:513:O	A:PRO:549:CG
0	vdw	A:LYS:514:CA	A:PRO:549:O
0	vdw	A:LYS:514:CA	A:PRO:549:CG
0	vdw	A:ARG:513:O	A:ILE:515:N
0	vdw	A:ARG:513:O	A:ILE:515:CG1
0	vdw	A:ILE:515:N	A:PRO:549:O
0	vdw	A:ILE:515:CD1	A:VAL:635:CG1
0	vdw	A:PHE:582:CB	A:TRP:518:CB
0	vdw	A:PHE:582:CD2	A:TRP:518:CB
0	vdw	A:PHE:582:O	A:TRP:518:CB
0	vdw	A:PHE:582:O	A:THR:519:N
0	vdw	A:THR:519:O	A:VAL:583:CA
0	vdw	A:THR:519:O	A:VAL:583:C
0	vdw	A:THR:519:O	A:VAL:584:N
0	vdw	A:ILE:550:CD1	A:TRP:518:CD2
0	vdw	A:TYR:520:CA	A:VAL:584:O
0	vdw	A:TYR:520:C	A:VAL:584:O
0	vdw	A:MET:558:N	A:TYR:520:O
0	vdw	A:LEU:521:CA	A:MET:558:O
0	vdw	A:GLU:522:CA	A:MET:558:O
0	vdw	A:LEU:521:C	A:MET:558:O
0	vdw	A:GLU:522:N	A:MET:558:O
0	vdw	A:GLU:522:OE1	A:SER:559:CB
0	vdw	A:GLU:522:CB	A:SER:559:OG
0	vdw	A:GLU:522:CD	A:SER:559:OG
0	vdw	A:GLU:522:OE1	A:SER:559:OG
0	vdw	A:LYS:524:CE	A:SER:559:CB
0	vdw	A:GLU:522:O	A:SER:559:CA
0	vdw	A:GLU:522:O	A:SER:559:C
0	vdw	A:GOL:1940:O1	A:LYS:524:NZ
0	vdw	A:GOL:1940:O1	A:SER:561:OG
0	vdw	A:GOL:1940:O1	A:LYS:524:CD
0	vdw	A:ARG:513:N	A:PHE:639:O
0	vdw	A:CYS:512:O	A:PRO:549:CG
0	vdw	A:CYS:512:O	A:PRO:549:CD
0	vdw	A:CYS:512:CB	A:PHE:639:CB
0	vdw	A:CYS:512:SG	A:PHE:639:CB
0	vdw	A:PHE:639:CB	A:VAL:635:O
0	vdw	A:HIS:609:CD2	A:PHE:639:CZ
0	vdw	A:PHE:639:CD2	A:VAL:635:O
0	vdw	A:HIS:609:O	A:PHE:582:CA
0	vdw	A:HIS:609:O	A:PHE:582:CD1
0	vdw	A:HIS:609:O	A:PHE:582:C
0	vdw	A:HIS:609:O	A:VAL:583:N
0	vdw	A:VAL:583:CG1	A:VAL:585:CG2
0	vdw	A:LEU:521:N	A:VAL:584:O
0	vdw	A:GLU:522:O	A:MET:560:N
0	vdw	A:GOL:1940:O2	A:SER:561:N
0	vdw	A:LYS:524:CG	A:MET:560:C
0	vdw	A:LYS:524:CD	A:MET:560:C
0	vdw	A:GOL:1940:O2	A:SER:561:OG
0	vdw	A:ARG:513:NH1	A:PHE:639:C
0	vdw	A:ARG:513:NH1	A:PHE:639:O
0	vdw	A:GLY:641:N	A:PHE:639:C
0	vdw	A:CYS:512:CB	A:PHE:639:C
0	vdw	A:CYS:512:CB	A:PHE:639:O
0	vdw	A:HIS:609:NE2	A:LYS:638:O
0	vdw	A:GLY:640:N	A:LYS:638:O
0	vdw	A:THR:610:N	A:VAL:608:O
0	vdw	A:ALA:602:CB	A:THR:610:CG2
0	vdw	A:THR:610:CG2	A:VAL:608:O
0	vdw	A:LEU:521:CD2	A:VAL:585:CG1
0	vdw	A:LEU:521:CD2	A:LEU:523:CD2
0	vdw	A:MET:560:CE	A:PRO:563:CD
0	vdw	A:MET:560:CE	A:PHE:569:CD1
0	vdw	A:MET:597:CE	A:PHE:569:CE1
0	vdw	A:LEU:523:CD2	A:PHE:569:CE1
0	vdw	A:PRO:563:N	A:SER:561:O
0	vdw	A:PRO:563:CD	A:SER:561:O
0	vdw	A:ALA:731:O	A:ASN:733:CG
0	vdw	A:ALA:731:O	A:ASN:733:OD1
0	vdw	A:ALA:731:O	A:ASN:733:ND2
0	vdw	A:ALA:731:N	A:ASN:729:OD1
0	vdw	A:ALA:731:CB	A:ASN:729:OD1
0	vdw	A:ALA:731:C	A:ASN:733:N
0	vdw	A:ASN:729:CG	A:ILE:690:O
0	vdw	A:ASN:729:ND2	A:ILE:690:O
0	vdw	A:ASN:729:ND2	A:ASP:691:CB
0	vdw	A:ASN:729:ND2	A:ILE:690:C
0	vdw	A:HIS:609:CE1	A:SER:934:CB
0	vdw	A:HIS:609:CE1	A:SER:934:OG
0	vdw	A:HIS:609:NE2	A:SER:934:CB
0	vdw	A:HIS:609:NE2	A:SER:934:OG
0	vdw	A:HIS:609:CE1	A:LYS:638:CD
0	vdw	A:SER:934:OG	A:TYR:936:N
0	vdw	A:HIS:609:ND1	A:LYS:638:CD
0	vdw	A:ALA:602:CB	A:VAL:608:O
0	vdw	A:ALA:602:CB	A:VAL:598:O
0	vdw	A:ALA:602:N	A:VAL:598:O
0	vdw	A:ARG:600:N	A:VAL:598:C
0	vdw	A:ALA:601:N	A:VAL:598:C
0	vdw	A:ARG:600:N	A:VAL:598:O
0	vdw	A:ALA:601:N	A:VAL:598:O
0	vdw	A:ALA:602:N	A:LYS:599:O
0	vdw	A:ALA:602:N	A:ARG:600:C
0	vdw	A:TYR:595:O	A:VAL:598:CA
0	vdw	A:MET:597:CE	A:PHE:569:CG
0	vdw	A:MET:597:CE	A:PHE:569:CD1
0	vdw	A:MET:597:CE	A:PHE:569:CD2
0	vdw	A:MET:597:SD	A:PHE:569:CG
0	vdw	A:MET:597:CG	A:PHE:569:CD2
0	vdw	A:MET:597:SD	A:PHE:569:CD2
0	vdw	A:MET:597:CE	A:VAL:562:CG1
0	vdw	A:PHE:569:CD1	A:PRO:563:CD
0	vdw	A:PRO:563:C	A:SER:565:N
0	vdw	A:ASN:732:O	A:SER:735:CA
0	vdw	A:ASN:732:O	A:SER:735:CB
0	vdw	A:ASN:732:O	A:SER:735:OG
0	vdw	A:ASN:732:CB	A:TRP:726:NE1
0	vdw	A:ASN:732:CG	A:TRP:726:NE1
0	vdw	A:ASN:732:CG	A:TRP:726:CZ2
0	vdw	A:ASN:732:CG	A:TRP:726:CE2
0	vdw	A:ASN:729:CB	A:ILE:690:O
0	vdw	A:ASN:732:ND2	A:ILE:690:O
0	vdw	A:ASN:729:CB	A:ASN:732:ND2
0	vdw	A:ASN:729:CB	A:TRP:726:O
0	vdw	A:ASN:732:ND2	A:TRP:726:O
0	vdw	A:ASN:732:ND2	A:TRP:726:CD1
0	vdw	A:ASN:732:ND2	A:TRP:726:CD2
0	vdw	A:ASN:732:ND2	A:TRP:726:CE2
0	vdw	A:ILE:690:CG2	A:PRO:698:CG
0	vdw	A:ILE:690:CG2	A:LEU:725:CD2
0	vdw	A:LEU:725:CD2	A:PRO:698:CG
0	vdw	A:PRO:698:CG	A:SER:688:O
0	vdw	A:SER:934:O	A:TYR:936:CD2
0	vdw	A:SER:934:C	A:TYR:936:N
0	vdw	A:SER:934:O	A:TYR:936:N
0	vdw	A:ASP:603:N	A:LYS:599:O
0	vdw	A:ASP:603:CA	A:LYS:599:O
0	vdw	A:ASP:603:CB	A:LYS:599:O
0	vdw	A:ASP:603:CG	A:LYS:599:O
0	vdw	A:ASP:603:OD2	A:LYS:599:O
0	vdw	A:ASP:603:CB	A:HIS:899:CE1
0	vdw	A:ASP:603:CG	A:HIS:899:CE1
0	vdw	A:ASP:603:OD2	A:HIS:899:CE1
0	vdw	A:ARG:895:NH1	A:ASP:603:OD2
0	vdw	A:ARG:895:CD	A:ASP:603:OD2
0	vdw	A:ALA:601:N	A:LYS:599:C
0	vdw	A:ALA:601:N	A:LYS:599:O
0	vdw	A:ARG:600:N	A:MET:597:O
0	vdw	A:ARG:600:CA	A:MET:597:O
0	vdw	A:ARG:600:CB	A:MET:597:O
0	vdw	A:ALA:601:N	A:MET:597:O
0	vdw	A:ARG:600:N	A:ASN:596:O
0	vdw	A:ARG:600:CB	A:ASN:596:O
0	vdw	A:ILE:594:O	A:MET:597:CA
0	vdw	A:LYS:599:N	A:MET:597:C
0	vdw	A:LYS:599:N	A:MET:597:O
0	vdw	A:ALA:593:O	A:MET:597:CB
0	vdw	A:ILE:594:O	A:MET:597:CB
0	vdw	A:SER:735:O	A:TRP:726:NE1
0	vdw	A:SER:735:O	A:TRP:726:CD1
0	vdw	A:ASN:732:ND2	A:TRP:726:NE1
0	vdw	A:ARG:722:O	A:TRP:726:N
0	vdw	A:ARG:722:NH1	A:PRO:698:CB
0	vdw	A:LEU:725:CD2	A:PRO:698:CB
0	vdw	A:ARG:722:NH1	A:LEU:725:CD2
0	vdw	A:ARG:722:CZ	A:LEU:725:CD2
0	vdw	A:ARG:722:NH1	A:MET:700:CG
0	vdw	A:ARG:722:NH1	A:PRO:698:C
0	vdw	A:ARG:722:NH1	A:PRO:698:O
0	vdw	A:ASN:933:O	A:PRO:698:CB
0	vdw	A:ALA:699:C	A:LEU:686:O
0	vdw	A:TYR:936:CE2	A:VAL:927:CG2
0	vdw	A:TYR:936:CZ	A:VAL:927:CG2
0	vdw	A:TYR:936:OH	A:VAL:927:CG2
0	vdw	A:HIS:899:NE2	A:VAL:927:CG2
0	vdw	A:TYR:936:CE1	A:VAL:927:CG2
0	vdw	A:GLY:925:O	A:HIS:899:CB
0	vdw	A:GLY:925:O	A:HIS:899:CG
0	vdw	A:ARG:895:O	A:HIS:899:CB
0	vdw	A:ARG:895:O	A:HIS:899:CG
0	vdw	A:ARG:895:O	A:HIS:899:ND1
0	vdw	A:ARG:895:O	A:HIS:899:CD2
0	vdw	A:ARG:895:CG	A:HIS:899:CE1
0	vdw	A:ARG:895:CD	A:HIS:899:CE1
0	vdw	A:ARG:895:CG	A:HIS:899:NE2
0	vdw	A:ALA:896:O	A:HIS:899:CB
0	vdw	A:ARG:600:CG	A:ILE:898:O
0	vdw	A:ALA:896:O	A:HIS:899:CA
0	vdw	A:ARG:600:CG	A:ASN:596:O
0	vdw	A:ARG:600:CD	A:GLU:566:OE2
0	vdw	A:ARG:600:NE	A:GLU:566:OE2
0	vdw	A:ARG:600:NE	A:GLU:566:OE1
0	vdw	A:ARG:600:NE	A:LYS:901:CD
0	vdw	A:ARG:600:CZ	A:LYS:901:CD
0	vdw	A:ARG:600:CD	A:LYS:901:CB
0	vdw	A:ARG:600:NE	A:LYS:901:CB
0	vdw	A:ARG:600:CZ	A:LYS:901:CB
0	vdw	A:ARG:600:CZ	A:LYS:901:CG
0	vdw	A:ARG:600:NE	A:GLU:566:CD
0	vdw	A:ARG:600:CD	A:ILE:898:O
0	vdw	A:ASP:905:OD2	A:LYS:901:CD
0	vdw	A:ASP:905:OD2	A:LYS:901:CE
0	vdw	A:ARG:600:NH2	A:GLU:566:OE1
0	vdw	A:ARG:600:NH2	A:LYS:901:CD
0	vdw	A:ARG:600:NH2	A:LYS:901:CE
0	vdw	A:LEU:736:CB	A:TYR:771:CE2
0	vdw	A:LEU:736:CB	A:TYR:771:CZ
0	vdw	A:PRO:737:N	A:TYR:771:OH
0	vdw	A:PRO:737:CD	A:TYR:771:OH
0	vdw	A:GLU:738:N	A:LEU:736:O
0	vdw	A:PRO:737:CD	A:TRP:726:CG
0	vdw	A:PRO:737:CD	A:TRP:726:CD1
0	vdw	A:ARG:722:CA	A:PHE:719:O
0	vdw	A:ARG:722:C	A:PHE:719:O
0	vdw	A:ARG:722:CB	A:PHE:719:O
0	vdw	A:LEU:723:N	A:PHE:719:O
0	vdw	A:ARG:722:CD	A:MET:700:SD
0	vdw	A:ARG:722:NE	A:MET:700:CG
0	vdw	A:ARG:722:NE	A:MET:700:SD
0	vdw	A:ARG:722:CZ	A:MET:700:CG
0	vdw	A:ARG:722:CZ	A:MET:700:SD
0	vdw	A:ARG:722:CG	A:LEU:686:CD2
0	vdw	A:ARG:722:CD	A:LEU:686:CD2
0	vdw	A:ARG:722:CD	A:SER:688:OG
0	vdw	A:LEU:686:O	A:MET:700:N
0	vdw	A:VAL:684:O	A:VAL:701:CA
0	vdw	A:ALA:896:CB	A:VAL:701:CG1
0	vdw	A:VAL:701:CG2	A:VAL:892:CG1
0	vdw	A:VAL:684:O	A:VAL:701:CG1
0	vdw	A:HIS:899:C	A:LYS:901:N
0	vdw	A:HIS:899:O	A:LYS:901:N
0	vdw	A:GLN:900:C	A:GLU:902:N
0	vdw	A:ALA:896:O	A:GLN:900:N
0	vdw	A:GLN:900:N	A:ILE:898:C
0	vdw	A:GLN:900:N	A:ILE:898:O
0	vdw	A:ASP:905:OD2	A:LYS:901:CG
0	vdw	A:LEU:903:N	A:LYS:901:C
0	vdw	A:GLN:900:O	A:GLU:902:N
0	vdw	A:ASP:905:CG	A:LYS:901:CG
0	vdw	A:ARG:600:NH1	A:LYS:901:CB
0	vdw	A:ASP:905:OD2	A:LYS:901:NZ
0	vdw	A:LYS:775:O	A:TYR:771:CD2
0	vdw	A:LYS:775:O	A:PRO:777:N
0	vdw	A:LEU:723:CD1	A:TYR:771:CE1
0	vdw	A:LEU:723:CD2	A:TYR:771:CE1
0	vdw	A:LEU:723:CD2	A:TYR:771:OH
0	vdw	A:PRO:777:CG	A:TYR:771:CE1
0	vdw	A:PRO:777:CG	A:TYR:771:CE2
0	vdw	A:PRO:777:CB	A:TYR:771:CZ
0	vdw	A:PRO:777:CG	A:TYR:771:CZ
0	vdw	A:PRO:777:CB	A:TYR:771:OH
0	vdw	A:PRO:777:CG	A:TYR:771:OH
0	vdw	A:CYS:767:CA	A:TYR:771:CD1
0	vdw	A:CYS:767:CB	A:TYR:771:CD1
0	vdw	A:PRO:777:CD	A:TYR:771:CG
0	vdw	A:PRO:777:CD	A:TYR:771:CD1
0	vdw	A:PRO:777:CD	A:TYR:771:CD2
0	vdw	A:PRO:777:CD	A:TYR:771:CE1
0	vdw	A:PRO:777:CD	A:TYR:771:CE2
0	vdw	A:PRO:777:CD	A:TYR:771:CZ
0	vdw	A:PRO:737:O	A:TYR:771:CE2
0	vdw	A:PRO:737:O	A:TYR:771:CZ
0	vdw	A:PRO:737:C	A:TYR:771:OH
0	vdw	A:PRO:737:O	A:TYR:771:OH
0	vdw	A:PRO:737:CG	A:TYR:771:OH
0	vdw	A:LEU:723:CG	A:PHE:719:CE1
0	vdw	A:LEU:723:CD2	A:PHE:719:CE1
0	vdw	A:PHE:715:O	A:PHE:719:N
0	vdw	A:PHE:715:O	A:PHE:719:CB
0	vdw	A:TRP:702:CH2	A:VAL:684:CG1
0	vdw	A:VAL:684:O	A:VAL:701:C
0	vdw	A:TRP:702:CD2	A:VAL:684:CB
0	vdw	A:TRP:702:N	A:VAL:684:O
0	vdw	A:ASN:703:OD1	A:GLN:900:NE2
0	vdw	A:ASN:703:ND2	A:GLN:900:OE1
0	vdw	A:GLN:900:OE1	A:LEU:903:CD2
0	vdw	A:ASN:703:OD1	A:ILE:683:CG1
0	vdw	A:ALA:896:O	A:GLN:900:CB
0	vdw	A:ALA:896:O	A:GLN:900:CG
0	vdw	A:GLN:900:O	A:LEU:903:N
0	vdw	A:GLN:900:O	A:LEU:903:CB
0	vdw	A:LEU:903:N	A:LYS:901:O
0	vdw	A:ASP:905:CB	A:LYS:901:O
0	vdw	A:ALA:906:N	A:LEU:903:C
0	vdw	A:GLN:900:O	A:PHE:904:N
0	vdw	A:LYS:901:O	A:PHE:904:N
0	vdw	A:GLU:902:C	A:PHE:904:N
0	vdw	A:ASP:905:N	A:LYS:901:O
0	vdw	A:ASP:905:CA	A:LYS:901:O
0	vdw	A:ASP:905:N	A:LEU:903:C
0	vdw	A:ASP:905:OD2	A:LYS:901:O
0	vdw	A:GLN:900:O	A:PHE:904:CD2
0	vdw	A:ASP:905:CG	A:LYS:901:O
0	vdw	A:ALA:906:N	A:GLU:902:O
0	vdw	A:ALA:906:CB	A:GLU:902:O
0	vdw	A:ALA:906:N	A:PHE:904:O
0	vdw	A:ALA:906:N	A:PHE:904:C
0	vdw	A:ALA:906:N	A:LEU:903:O
0	vdw	A:ASP:905:O	A:GLU:909:OE2
0	vdw	A:GLY:774:C	A:LEU:776:N
0	vdw	A:CYS:767:N	A:VAL:763:O
0	vdw	A:CYS:767:CB	A:VAL:763:O
0	vdw	A:CYS:767:SG	A:VAL:763:O
0	vdw	A:ALA:766:CB	A:VAL:763:O
0	vdw	A:ALA:765:N	A:VAL:763:O
0	vdw	A:ARG:764:C	A:CYS:767:N
0	vdw	A:ARG:764:O	A:CYS:767:N
0	vdw	A:ARG:764:O	A:CYS:767:CA
0	vdw	A:ARG:764:O	A:CYS:767:CB
0	vdw	A:ALA:766:N	A:VAL:763:O
0	vdw	A:CYS:767:SG	A:PRO:777:CG
0	vdw	A:ALA:766:N	A:VAL:763:C
0	vdw	A:ALA:766:CB	A:LEU:762:O
0	vdw	A:PHE:715:CD1	A:TRP:702:CZ2
0	vdw	A:PHE:715:CD1	A:TRP:702:CH2
0	vdw	A:MET:711:CE	A:PHE:715:CG
0	vdw	A:MET:711:O	A:PHE:715:CA
0	vdw	A:TRP:702:CZ2	A:VAL:684:CB
0	vdw	A:TRP:702:CZ2	A:VAL:684:CG1
0	vdw	A:TRP:702:CZ2	A:VAL:684:CG2
0	vdw	A:MET:711:SD	A:TRP:702:CZ2
0	vdw	A:ASN:704:OD1	A:TRP:702:CD1
0	vdw	A:ASN:704:OD1	A:TRP:702:NE1
0	vdw	A:TRP:702:NE1	A:VAL:684:CG2
0	vdw	A:TRP:702:CE2	A:VAL:684:CB
0	vdw	A:TRP:702:CE2	A:VAL:684:CG2
0	vdw	A:ASN:703:CB	A:PHE:918:CE2
0	vdw	A:ILE:683:CA	A:TRP:702:O
0	vdw	A:ILE:683:C	A:TRP:702:O
0	vdw	A:TRP:702:O	A:VAL:684:N
0	vdw	A:ASN:703:CB	A:PHE:918:CD2
0	vdw	A:ILE:683:CG2	A:TRP:702:O
0	vdw	A:ASN:703:CG	A:PHE:918:CE2
0	vdw	A:ASN:703:ND2	A:PHE:918:CE2
0	vdw	A:LEU:903:CD2	A:PHE:918:CE1
0	vdw	A:ASN:703:ND2	A:PHE:918:CD2
0	vdw	A:PHE:918:CE1	A:PRO:681:CB
0	vdw	A:PHE:918:CZ	A:PRO:681:CB
0	vdw	A:ILE:683:CG1	A:PHE:918:CZ
0	vdw	A:PHE:918:CE2	A:SER:682:O
0	vdw	A:PHE:918:CZ	A:SER:682:C
0	vdw	A:PHE:918:CZ	A:SER:682:O
0	vdw	A:LEU:903:CD1	A:VAL:913:CG2
0	vdw	A:ALA:906:CA	A:LEU:903:O
0	vdw	A:ALA:906:CB	A:LEU:903:O
0	vdw	A:ASP:905:O	A:GLU:909:CD
0	vdw	A:ARG:764:CA	A:PRO:761:O
0	vdw	A:ARG:764:C	A:PRO:761:O
0	vdw	A:ALA:766:N	A:ARG:764:C
0	vdw	A:ALA:766:N	A:ARG:764:O
0	vdw	A:ALA:765:N	A:PRO:761:O
0	vdw	A:ALA:765:N	A:LEU:762:C
0	vdw	A:ALA:765:N	A:LEU:762:O
0	vdw	A:ALA:765:CA	A:LEU:762:O
0	vdw	A:ALA:765:N	A:VAL:763:C
0	vdw	A:PRO:761:O	A:VAL:763:N
0	vdw	A:ALA:766:N	A:LEU:762:O
0	vdw	A:ARG:764:N	A:PRO:761:O
0	vdw	A:ARG:764:N	A:LEU:762:C
0	vdw	A:LEU:760:O	A:VAL:763:N
0	vdw	A:PRO:761:C	A:VAL:763:N
0	vdw	A:GLU:759:O	A:LEU:762:CA
0	vdw	A:GLU:759:O	A:VAL:763:N
0	vdw	A:ARG:764:CB	A:PRO:761:O
0	vdw	A:LEU:762:CD2	A:MET:711:C
0	vdw	A:LEU:762:CD2	A:MET:711:O
0	vdw	A:LEU:762:CD2	A:PHE:715:CB
0	vdw	A:LEU:762:CB	A:PHE:715:CD2
0	vdw	A:GLU:759:O	A:LEU:762:CB
0	vdw	A:LEU:762:CD2	A:THR:712:CA
0	vdw	A:MET:711:O	A:PHE:715:CB
0	vdw	A:ASN:704:CG	A:MET:711:N
0	vdw	A:ASN:704:CG	A:MET:711:CA
0	vdw	A:ASN:704:OD1	A:SER:710:C
0	vdw	A:ASN:704:OD1	A:MET:711:N
0	vdw	A:ASN:704:OD1	A:MET:711:CA
0	vdw	A:GLY:707:O	A:SER:710:C
0	vdw	A:GLY:707:O	A:MET:711:N
0	vdw	A:GLN:708:C	A:MET:711:N
0	vdw	A:GLN:708:O	A:MET:711:N
0	vdw	A:GLN:708:O	A:MET:711:CB
0	vdw	A:ASN:704:ND2	A:SER:682:OG
0	vdw	A:ASN:704:ND2	A:MET:711:SD
0	vdw	A:ASN:704:ND2	A:VAL:684:CG2
0	vdw	A:ASN:704:C	A:HIS:706:N
0	vdw	A:ASN:704:C	A:GLY:707:N
0	vdw	A:ASN:704:O	A:HIS:706:N
0	vdw	A:ASN:704:O	A:GLY:707:N
0	vdw	A:ASN:704:O	A:GLY:707:CA
0	vdw	A:ASN:704:CB	A:SER:682:OG
0	vdw	A:ASN:704:O	A:PRO:681:CA
0	vdw	A:ASN:704:O	A:SER:682:N
0	vdw	A:ASN:704:N	A:SER:682:O
0	vdw	A:PHE:918:CD2	A:PRO:705:CA
0	vdw	A:PHE:918:CD1	A:PRO:681:CB
0	vdw	A:PRO:681:CB	A:THR:669:OG1
0	vdw	A:LEU:907:CD2	A:VAL:913:CG1
0	vdw	A:ALA:906:CB	A:VAL:913:CG1
0	vdw	A:ASN:910:CB	A:SER:912:O
0	vdw	A:ASP:758:O	A:LEU:762:CD1
0	vdw	A:GLN:708:O	A:THR:712:N
0	vdw	A:GLN:708:O	A:THR:712:CA
0	vdw	A:GLN:708:O	A:THR:712:CB
0	vdw	A:GLN:708:O	A:THR:712:OG1
0	vdw	A:SER:710:C	A:THR:712:N
0	vdw	A:GLU:709:N	A:GLY:707:O
0	vdw	A:GLY:707:O	A:SER:710:N
0	vdw	A:GLN:708:C	A:SER:710:N
0	vdw	A:GLN:708:O	A:SER:710:N
0	vdw	A:GLU:709:N	A:HIS:706:O
0	vdw	A:GLU:709:N	A:GLY:707:C
0	vdw	A:GLY:707:C	A:SER:710:N
0	vdw	A:ASN:704:CB	A:GLY:707:O
0	vdw	A:HIS:706:CA	A:SER:679:O
0	vdw	A:HIS:706:C	A:SER:679:O
0	vdw	A:HIS:706:O	A:SER:679:O
0	vdw	A:GLY:707:N	A:SER:679:O
0	vdw	A:GLY:707:N	A:PRO:705:C
0	vdw	A:ALA:680:O	A:GLY:707:CA
0	vdw	A:HIS:706:O	A:SER:679:CA
0	vdw	A:ALA:678:O	A:GLY:707:CA
0	vdw	A:GLN:708:N	A:HIS:706:O
0	vdw	A:HIS:706:C	A:SER:679:C
0	vdw	A:HIS:706:O	A:SER:679:C
0	vdw	A:PRO:681:CG	A:PRO:705:O
0	vdw	A:PRO:681:N	A:SER:679:O
0	vdw	A:PRO:681:CG	A:THR:669:OG1
0	vdw	A:ALA:540:O	A:ASN:544:CG
0	vdw	A:ALA:540:O	A:ASN:544:ND2
0	vdw	A:ALA:540:C	A:ASN:544:ND2
0	vdw	A:PHE:554:CE2	A:THR:537:OG1
0	vdw	A:PRO:533:O	A:THR:537:N
0	vdw	A:PRO:533:O	A:THR:537:CB
0	vdw	A:PRO:533:O	A:THR:537:OG1
0	vdw	A:PHE:554:CE2	A:PRO:533:O
0	vdw	A:MET:536:CB	A:PHE:554:CE2
0	vdw	A:GLN:534:C	A:THR:537:N
0	vdw	A:GLN:534:O	A:THR:537:N
0	vdw	A:GLN:534:O	A:THR:537:CA
0	vdw	A:GLN:534:O	A:THR:537:CB
0	vdw	A:ALA:535:O	A:THR:537:N
0	vdw	A:ALA:535:C	A:THR:537:N
0	vdw	A:MET:536:CB	A:PRO:533:O
0	vdw	A:ALA:535:N	A:PRO:533:C
0	vdw	A:ALA:535:N	A:PRO:533:O
0	vdw	A:MET:536:N	A:PRO:533:C
0	vdw	A:MET:536:N	A:PRO:533:O
0	vdw	A:MET:536:CA	A:PRO:533:O
0	vdw	A:GLY:531:C	A:PRO:533:N
0	vdw	A:GLY:531:O	A:PRO:533:N
0	vdw	A:GLY:531:C	A:PRO:533:CD
0	vdw	A:ASN:544:OD1	A:ILE:548:O
0	vdw	A:ILE:548:O	A:ILE:550:N
0	vdw	A:ILE:548:O	A:LEU:543:O
0	vdw	A:ASN:544:CA	A:ILE:548:O
0	vdw	A:ILE:548:O	A:LEU:543:C
0	vdw	A:ASN:544:N	A:ILE:548:O
0	vdw	A:ALA:540:O	A:ILE:550:CG2
0	vdw	A:ILE:550:CG2	A:LEU:543:CB
0	vdw	A:ALA:540:CB	A:TRP:518:CZ2
0	vdw	A:ALA:540:CB	A:MET:536:O
0	vdw	A:MET:536:O	A:TRP:518:CH2
0	vdw	A:MET:536:O	A:PHE:539:N
0	vdw	A:MET:536:O	A:PHE:539:CB
0	vdw	A:MET:536:O	A:PHE:539:CA
0	vdw	A:ALA:540:N	A:MET:536:O
0	vdw	A:ALA:538:N	A:MET:536:C
0	vdw	A:MET:536:CB	A:VAL:532:O
0	vdw	A:MET:536:CG	A:VAL:532:O
0	vdw	A:TYR:520:CE2	A:VAL:532:CG1
0	vdw	A:TYR:520:CD2	A:VAL:532:CG1
0	vdw	A:GLY:547:O	A:PRO:511:CB
0	vdw	A:GLY:547:O	A:PRO:549:N
0	vdw	A:GLY:547:O	A:PRO:549:CD
0	vdw	A:CYS:512:SG	A:ILE:548:CG2
0	vdw	A:CYS:512:SG	A:PRO:549:CD
0	vdw	A:ILE:548:C	A:ILE:550:N
0	vdw	A:ILE:548:CA	A:LEU:543:O
0	vdw	A:VAL:584:CG2	A:VAL:611:CG2
0	vdw	A:MET:536:SD	A:TYR:520:CB
0	vdw	A:MET:536:CE	A:TYR:520:CB
0	vdw	A:MET:536:CE	A:TYR:520:CG
0	vdw	A:TYR:520:CB	A:VAL:584:O
0	vdw	A:MET:536:SD	A:PHE:618:CE2
0	vdw	A:MET:536:CE	A:PHE:618:CE2
0	vdw	A:LEU:586:CG	A:MET:536:CE
0	vdw	A:LEU:586:CD1	A:MET:536:CE
0	vdw	A:MET:536:SD	A:PHE:618:CZ
0	vdw	A:LYS:524:CG	A:MET:560:O
0	vdw	A:LYS:524:CD	A:MET:560:O
0	vdw	A:ASN:636:OD1	A:PRO:511:C
0	vdw	A:ASN:636:OD1	A:CYS:512:N
0	vdw	A:PRO:511:CA	A:VAL:508:CG2
0	vdw	A:ASN:636:O	A:CYS:512:CB
0	vdw	A:ASN:636:OD1	A:CYS:512:CB
0	vdw	A:ASN:636:OD1	A:CYS:512:SG
0	vdw	A:LYS:638:N	A:VAL:635:O
0	vdw	A:LYS:638:CB	A:VAL:635:O
0	vdw	A:GLY:632:O	A:VAL:635:CB
0	vdw	A:VAL:631:O	A:VAL:635:CB
0	vdw	A:LEU:637:N	A:VAL:635:C
0	vdw	A:LEU:637:N	A:VAL:635:O
0	vdw	A:PHE:582:CZ	A:VAL:635:CG2
0	vdw	A:PHE:582:CZ	A:VAL:611:CG2
0	vdw	A:PHE:582:CE2	A:VAL:584:CG2
0	vdw	A:PHE:582:CZ	A:VAL:584:CG2
0	vdw	A:THR:610:CA	A:VAL:583:O
0	vdw	A:THR:610:C	A:VAL:583:O
0	vdw	A:THR:610:CB	A:VAL:583:O
0	vdw	A:VAL:583:O	A:VAL:611:N
0	vdw	A:LEU:521:O	A:VAL:585:CA
0	vdw	A:LEU:521:O	A:VAL:585:C
0	vdw	A:VAL:585:N	A:VAL:611:O
0	vdw	A:VAL:585:CA	A:VAL:611:O
0	vdw	A:LEU:521:O	A:LEU:586:N
0	vdw	A:GLU:522:O	A:MET:560:O
0	vdw	A:LEU:523:CA	A:MET:560:O
0	vdw	A:LEU:523:C	A:MET:560:O
0	vdw	A:LEU:523:N	A:LEU:586:O
0	vdw	A:LEU:523:CA	A:LEU:586:O
0	vdw	A:LYS:524:N	A:MET:560:O
0	vdw	A:LYS:524:CB	A:MET:560:O
0	vdw	A:ARG:510:CZ	A:HIS:693:NE2
0	vdw	A:ARG:510:NH1	A:HIS:693:NE2
0	vdw	A:ARG:510:CZ	A:HIS:693:CD2
0	vdw	A:ARG:510:NH1	A:HIS:693:CD2
0	vdw	A:ARG:510:NE	A:HIS:693:CD2
0	vdw	A:ASN:636:O	A:GLY:641:N
0	vdw	A:ASN:636:O	A:GLY:641:CA
0	vdw	A:GLN:696:CD	A:GLY:640:CA
0	vdw	A:GLN:696:NE2	A:GLY:640:CA
0	vdw	A:GLN:696:CD	A:GLY:640:C
0	vdw	A:GLN:696:NE2	A:GLY:640:C
0	vdw	A:GLN:696:CG	A:GLY:640:O
0	vdw	A:GLN:696:NE2	A:GLY:641:N
0	vdw	A:ARG:510:O	A:GLY:641:CA
0	vdw	A:ASN:636:O	A:GLY:640:N
0	vdw	A:LEU:637:C	A:PHE:639:N
0	vdw	A:GLY:640:N	A:LEU:637:C
0	vdw	A:LEU:637:O	A:PHE:639:N
0	vdw	A:GLY:640:N	A:LEU:637:O
0	vdw	A:ASN:636:C	A:LYS:638:N
0	vdw	A:GLY:640:N	A:LYS:638:C
0	vdw	A:PHE:639:N	A:VAL:635:O
0	vdw	A:LYS:634:O	A:LYS:638:N
0	vdw	A:LYS:634:O	A:LYS:638:CB
0	vdw	A:LYS:634:O	A:LYS:638:CG
0	vdw	A:ILE:938:CG2	A:LYS:638:CG
0	vdw	A:LYS:599:NZ	A:THR:610:O
0	vdw	A:CYS:612:SG	A:VAL:598:CG1
0	vdw	A:VAL:585:O	A:VAL:611:O
0	vdw	A:LEU:523:CD1	A:VAL:585:CG1
0	vdw	A:ILE:594:CG2	A:LEU:523:CD1
0	vdw	A:LEU:523:CB	A:PRO:588:CD
0	vdw	A:LEU:523:CD1	A:LEU:587:CD2
0	vdw	A:LEU:523:CB	A:LEU:586:O
0	vdw	A:GLN:692:CD	A:GLY:656:CA
0	vdw	A:ASP:691:CG	A:HIS:693:N
0	vdw	A:ASP:691:OD1	A:LEU:694:N
0	vdw	A:ASP:691:OD1	A:HIS:693:N
0	vdw	A:ASP:691:OD1	A:HIS:693:CB
0	vdw	A:GLN:696:CA	A:MET:935:SD
0	vdw	A:GLN:696:CD	A:MET:935:SD
0	vdw	A:GLN:696:OE1	A:MET:935:SD
0	vdw	A:GLN:696:NE2	A:MET:935:SD
0	vdw	A:GLN:696:NE2	A:LEU:637:O
0	vdw	A:GLN:696:NE2	A:GLY:641:O
0	vdw	A:ILE:938:CB	A:MET:935:O
0	vdw	A:ILE:938:CG2	A:MET:935:O
0	vdw	A:MET:935:C	A:TYR:937:N
0	vdw	A:MET:935:O	A:TYR:937:N
0	vdw	A:ILE:938:N	A:MET:935:O
0	vdw	A:LYS:599:NZ	A:LYS:638:NZ
0	vdw	A:LYS:638:NZ	A:TYR:936:O
0	vdw	A:ILE:938:OXT	A:LYS:638:CE
0	vdw	A:LYS:638:CE	A:SO4:1939:O2
0	vdw	A:LYS:638:NZ	A:SO4:1939:O2
0	vdw	A:LYS:638:CE	A:THR:610:O
0	vdw	A:LYS:638:NZ	A:THR:610:O
0	vdw	A:LYS:599:NZ	A:THR:610:OG1
0	vdw	A:LYS:599:CE	A:SO4:1939:S
0	vdw	A:LYS:599:CE	A:SO4:1939:O3
0	vdw	A:LYS:599:NZ	A:SO4:1939:S
0	vdw	A:LYS:599:NZ	A:SO4:1939:O2
0	vdw	A:LYS:599:NZ	A:SO4:1939:O3
0	vdw	A:LYS:599:CE	A:TYR:595:CZ
0	vdw	A:LYS:599:CE	A:TYR:595:OH
0	vdw	A:LYS:599:N	A:TYR:595:O
0	vdw	A:ASN:596:O	A:LYS:599:N
0	vdw	A:ILE:594:O	A:VAL:598:N
0	vdw	A:ILE:594:O	A:VAL:598:CB
0	vdw	A:ILE:594:O	A:VAL:598:CG2
0	vdw	A:ASN:596:N	A:ILE:594:C
0	vdw	A:ILE:594:C	A:MET:597:N
0	vdw	A:ASN:596:N	A:ILE:594:O
0	vdw	A:ILE:594:O	A:MET:597:N
0	vdw	A:TYR:595:O	A:VAL:598:N
0	vdw	A:ASN:596:C	A:VAL:598:N
0	vdw	A:TYR:595:O	A:VAL:598:CB
0	vdw	A:ILE:594:CG2	A:LEU:587:CD2
0	vdw	A:GLY:656:O	A:TRP:726:CZ2
0	vdw	A:ASN:732:OD1	A:TRP:726:CZ2
0	vdw	A:GLN:692:CG	A:GLY:656:CA
0	vdw	A:ASN:732:OD1	A:TRP:726:CE2
0	vdw	A:ILE:690:C	A:TRP:726:CE3
0	vdw	A:ILE:690:C	A:TRP:726:CZ3
0	vdw	A:ASP:691:N	A:TRP:726:CZ3
0	vdw	A:ASP:691:CA	A:TRP:726:CZ3
0	vdw	A:ASP:691:C	A:TRP:726:CH2
0	vdw	A:ASP:691:N	A:THR:689:C
0	vdw	A:ASP:691:C	A:HIS:693:N
0	vdw	A:GLN:696:CB	A:ILE:690:CG1
0	vdw	A:GLN:696:CB	A:ILE:690:CD1
0	vdw	A:GLN:696:C	A:PRO:698:CD
0	vdw	A:GLN:696:O	A:PRO:698:CD
0	vdw	A:SER:688:O	A:TRP:697:CA
0	vdw	A:PRO:698:N	A:SER:688:O
0	vdw	A:PRO:698:CD	A:SER:688:O
0	vdw	A:MET:935:SD	A:TRP:697:N
0	vdw	A:TRP:697:O	A:TYR:937:CE2
0	vdw	A:TRP:697:C	A:TYR:937:OH
0	vdw	A:TRP:697:O	A:TYR:937:OH
0	vdw	A:TRP:697:O	A:TYR:937:CZ
0	vdw	A:MET:935:CA	A:TYR:937:CE2
0	vdw	A:TYR:937:CD2	A:VAL:892:CG2
0	vdw	A:ALA:699:CB	A:TYR:937:CE2
0	vdw	A:ARG:895:NH1	A:TYR:936:O
0	vdw	A:ILE:938:N	A:TYR:936:C
0	vdw	A:ILE:938:N	A:TYR:936:O
0	vdw	A:LYS:599:CG	A:TYR:595:O
0	vdw	A:LYS:599:CG	A:TYR:595:CE1
0	vdw	A:MET:597:N	A:TYR:595:C
0	vdw	A:MET:597:N	A:TYR:595:O
0	vdw	A:ALA:593:O	A:ASN:596:N
0	vdw	A:ALA:593:O	A:ASN:596:CB
0	vdw	A:ALA:593:O	A:MET:597:N
0	vdw	A:ASN:596:N	A:VAL:592:O
0	vdw	A:ASN:596:CA	A:VAL:592:O
0	vdw	A:ASN:596:CB	A:VAL:592:O
0	vdw	A:GLU:738:CD	A:LYS:657:CD
0	vdw	A:GLU:738:OE1	A:LYS:657:CD
0	vdw	A:THR:689:O	A:TRP:726:CE3
0	vdw	A:MET:659:CB	A:TRP:726:CE3
0	vdw	A:MET:659:CB	A:TRP:726:CZ3
0	vdw	A:THR:658:O	A:TRP:726:CZ3
0	vdw	A:THR:658:C	A:TRP:726:CH2
0	vdw	A:THR:658:O	A:TRP:726:CH2
0	vdw	A:MET:659:CG	A:TRP:726:CE3
0	vdw	A:MET:659:CA	A:TRP:726:CZ3
0	vdw	A:ILE:690:CA	A:TRP:726:CE3
0	vdw	A:MET:659:CG	A:THR:689:O
0	vdw	A:THR:689:N	A:VAL:660:O
0	vdw	A:GLN:696:O	A:THR:689:CA
0	vdw	A:PRO:698:O	A:SER:688:N
0	vdw	A:SER:688:O	A:TRP:697:C
0	vdw	A:SER:688:CA	A:VAL:660:O
0	vdw	A:SER:688:C	A:VAL:660:O
0	vdw	A:PRO:698:O	A:VAL:687:CA
0	vdw	A:ALA:699:CA	A:LEU:686:O
0	vdw	A:PRO:698:O	A:VAL:687:CB
0	vdw	A:ALA:699:CB	A:VAL:892:CG2
0	vdw	A:TYR:888:O	A:VAL:892:CG2
0	vdw	A:VAL:687:CG1	A:VAL:892:CG2
0	vdw	A:TYR:937:CG	A:VAL:892:CG2
0	vdw	A:ARG:895:CG	A:TYR:936:CE1
0	vdw	A:ARG:895:O	A:ILE:898:CA
0	vdw	A:ARG:895:O	A:ILE:898:C
0	vdw	A:ARG:895:O	A:ILE:898:CB
0	vdw	A:ARG:895:O	A:HIS:899:N
0	vdw	A:ARG:895:C	A:ARG:897:N
0	vdw	A:ARG:895:O	A:ARG:897:N
0	vdw	A:ARG:895:C	A:ILE:898:N
0	vdw	A:ARG:895:O	A:ILE:898:N
0	vdw	A:ARG:895:CB	A:LEU:891:O
0	vdw	A:ARG:600:NH1	A:ILE:898:O
0	vdw	A:ARG:897:C	A:HIS:899:N
0	vdw	A:ASN:596:CG	A:ILE:898:CG2
0	vdw	A:ASN:596:CA	A:ILE:898:CG2
0	vdw	A:ASN:596:CB	A:ILE:898:CG2
0	vdw	A:ASN:596:OD1	A:ILE:898:CG2
0	vdw	A:GLU:738:OE2	A:LYS:657:CD
0	vdw	A:GLU:738:CA	A:LYS:657:O
0	vdw	A:GLU:738:OE1	A:LYS:657:CB
0	vdw	A:GLU:738:OE1	A:LYS:657:CG
0	vdw	A:MET:659:CB	A:PRO:737:CB
0	vdw	A:PRO:737:O	A:PRO:777:CB
0	vdw	A:ASN:739:N	A:PRO:737:C
0	vdw	A:ASN:739:O	A:PRO:737:CB
0	vdw	A:GLU:738:N	A:LYS:657:O
0	vdw	A:MET:659:CB	A:PRO:737:CG
0	vdw	A:MET:659:CE	A:VAL:661:CG2
0	vdw	A:SER:688:CB	A:VAL:661:CG2
0	vdw	A:MET:659:CE	A:PHE:719:CZ
0	vdw	A:VAL:661:CA	A:VAL:687:O
0	vdw	A:VAL:661:C	A:VAL:687:O
0	vdw	A:GLY:662:N	A:VAL:687:O
0	vdw	A:GLY:662:O	A:VAL:687:O
0	vdw	A:LEU:686:CD2	A:VAL:661:CG1
0	vdw	A:VAL:661:CG1	A:VAL:687:O
0	vdw	A:PRO:698:O	A:VAL:687:C
0	vdw	A:SER:688:CB	A:VAL:660:O
0	vdw	A:LEU:686:O	A:MET:700:O
0	vdw	A:GLY:662:O	A:LEU:686:CA
0	vdw	A:GLY:662:O	A:LEU:686:C
0	vdw	A:GLY:662:O	A:VAL:687:N
0	vdw	A:LEU:686:CA	A:TYR:663:CB
0	vdw	A:ALA:699:CB	A:LEU:686:O
0	vdw	A:LEU:686:N	A:MET:700:O
0	vdw	A:GLY:685:CA	A:MET:700:O
0	vdw	A:GLY:685:C	A:MET:700:O
0	vdw	A:GLY:685:CA	A:VAL:892:CG1
0	vdw	A:ALA:889:O	A:VAL:892:CB
0	vdw	A:TYR:888:O	A:VAL:892:CB
0	vdw	A:ALA:896:N	A:VAL:892:O
0	vdw	A:ALA:896:CB	A:VAL:892:O
0	vdw	A:ASP:894:N	A:VAL:892:O
0	vdw	A:ARG:895:CB	A:VAL:892:O
0	vdw	A:ARG:895:N	A:VAL:892:O
0	vdw	A:ALA:896:C	A:ILE:898:N
0	vdw	A:ALA:896:O	A:ILE:898:N
0	vdw	A:ALA:896:N	A:CYS:893:O
0	vdw	A:ALA:896:N	A:ASP:894:C
0	vdw	A:ALA:896:N	A:ASP:894:O
0	vdw	A:ALA:896:CA	A:CYS:893:O
0	vdw	A:ALA:896:C	A:CYS:893:O
0	vdw	A:ALA:896:CB	A:CYS:893:O
0	vdw	A:ARG:897:N	A:CYS:893:O
0	vdw	A:ARG:897:N	A:ASP:894:C
0	vdw	A:ARG:897:N	A:ASP:894:O
0	vdw	A:ALA:896:C	A:HIS:899:N
0	vdw	A:ALA:896:O	A:HIS:899:N
0	vdw	A:ALA:896:N	A:CYS:893:C
0	vdw	A:ARG:897:CA	A:PHE:904:CE2
0	vdw	A:ARG:897:O	A:PHE:904:CD2
0	vdw	A:ARG:897:O	A:PHE:904:CE2
0	vdw	A:ARG:897:CA	A:ASP:894:O
0	vdw	A:ARG:897:C	A:ASP:894:O
0	vdw	A:ASP:894:O	A:ILE:898:N
0	vdw	A:ASP:905:CG	A:LYS:901:NZ
0	vdw	A:ASP:905:OD1	A:LYS:901:NZ
0	vdw	A:GLU:738:O	A:PRO:777:CA
0	vdw	A:GLU:738:O	A:PRO:777:CB
0	vdw	A:GLU:738:O	A:PRO:777:C
0	vdw	A:ARG:778:N	A:GLU:738:O
0	vdw	A:GLU:738:C	A:PRO:777:CB
0	vdw	A:ILE:740:CD1	A:PRO:777:CG
0	vdw	A:PHE:719:CE1	A:VAL:763:CG1
0	vdw	A:LEU:686:CG	A:TYR:663:CB
0	vdw	A:GLY:662:O	A:LEU:686:CG
0	vdw	A:ASP:664:O	A:VAL:684:CA
0	vdw	A:ASP:664:O	A:VAL:684:C
0	vdw	A:ASP:664:O	A:GLY:685:N
0	vdw	A:CYS:893:SG	A:GLY:685:N
0	vdw	A:CYS:893:SG	A:GLY:685:CA
0	vdw	A:ARG:897:NE	A:PHE:904:CZ
0	vdw	A:ARG:897:CB	A:PHE:904:CE2
0	vdw	A:ARG:897:CG	A:PHE:904:CE2
0	vdw	A:ARG:897:CG	A:PHE:904:CZ
0	vdw	A:LEU:907:N	A:PHE:904:C
0	vdw	A:LEU:907:N	A:PHE:904:O
0	vdw	A:LEU:907:CA	A:PHE:904:O
0	vdw	A:LEU:907:C	A:PHE:904:O
0	vdw	A:ASP:908:N	A:PHE:904:O
0	vdw	A:ASP:905:C	A:LEU:907:N
0	vdw	A:ASP:905:O	A:LEU:907:N
0	vdw	A:ASP:905:O	A:ASP:908:N
0	vdw	A:ASP:908:CB	A:PHE:904:O
0	vdw	A:ASP:908:CG	A:PHE:904:O
0	vdw	A:ASP:908:OD1	A:PHE:904:O
0	vdw	A:ASP:908:OD2	A:PHE:904:O
0	vdw	A:ASP:905:CA	A:ASP:908:OD2
0	vdw	A:ASP:905:O	A:ASP:908:CB
0	vdw	A:ASP:905:O	A:GLU:909:N
0	vdw	A:ASP:905:O	A:GLU:909:CG
0	vdw	A:PHE:715:CE2	A:VAL:763:CG2
0	vdw	A:PHE:715:CZ	A:VAL:763:CG2
0	vdw	A:LEU:760:O	A:VAL:763:CA
0	vdw	A:LEU:760:O	A:VAL:763:CB
0	vdw	A:ILE:683:O	A:VAL:665:C
0	vdw	A:ILE:683:O	A:THR:666:N
0	vdw	A:ILE:683:O	A:VAL:665:CA
0	vdw	A:ILE:683:O	A:THR:666:OG1
0	vdw	A:PRO:668:CG	A:THR:666:CG2
0	vdw	A:PRO:668:CD	A:THR:666:CB
0	vdw	A:PRO:668:CD	A:THR:666:CG2
0	vdw	A:PRO:668:CD	A:THR:666:C
0	vdw	A:LEU:903:O	A:LEU:907:CB
0	vdw	A:LEU:903:O	A:LEU:907:CG
0	vdw	A:ALA:906:C	A:LEU:903:O
0	vdw	A:LEU:903:O	A:LEU:907:N
0	vdw	A:ASP:905:N	A:LEU:903:O
0	vdw	A:LEU:907:CB	A:PHE:904:O
0	vdw	A:LEU:907:CD1	A:PRO:668:O
0	vdw	A:ALA:906:C	A:ASP:908:N
0	vdw	A:ALA:906:O	A:ASP:908:N
0	vdw	A:ALA:906:C	A:GLU:909:N
0	vdw	A:ALA:906:O	A:GLU:909:N
0	vdw	A:ALA:906:O	A:GLU:909:CA
0	vdw	A:ALA:906:O	A:GLU:909:CB
0	vdw	A:GLU:909:N	A:LEU:907:C
0	vdw	A:ALA:906:O	A:ASP:911:N
0	vdw	A:ALA:906:O	A:ASN:910:N
0	vdw	A:GLU:909:N	A:LEU:907:O
0	vdw	A:LEU:760:C	A:LEU:762:N
0	vdw	A:LEU:760:O	A:LEU:762:N
0	vdw	A:ARG:764:N	A:LEU:760:O
0	vdw	A:ARG:764:N	A:PRO:761:C
0	vdw	A:GLU:759:O	A:LEU:762:N
0	vdw	A:MET:711:CE	A:PHE:715:CD2
0	vdw	A:GLU:759:CA	A:VAL:755:O
0	vdw	A:MET:711:SD	A:VAL:684:CG2
0	vdw	A:HIS:667:CG	A:SER:682:CB
0	vdw	A:HIS:667:CD2	A:SER:682:CB
0	vdw	A:HIS:667:NE2	A:SER:682:CB
0	vdw	A:HIS:667:CA	A:SER:682:CA
0	vdw	A:SER:682:CB	A:VAL:665:CG1
0	vdw	A:HIS:667:N	A:SER:682:CA
0	vdw	A:PRO:681:O	A:THR:669:OG1
0	vdw	A:HIS:667:CA	A:PRO:681:O
0	vdw	A:ASN:670:CB	A:ASP:911:O
0	vdw	A:ASN:910:C	A:SER:912:N
0	vdw	A:ASN:910:O	A:SER:912:N
0	vdw	A:ASP:911:N	A:GLU:909:C
0	vdw	A:ASP:911:CA	A:LEU:907:O
0	vdw	A:GLU:759:N	A:PRO:761:CD
0	vdw	A:ILE:756:O	A:PRO:761:CG
0	vdw	A:ILE:756:O	A:PRO:761:CD
0	vdw	A:LYS:757:O	A:PRO:761:CG
0	vdw	A:LYS:757:O	A:PRO:761:CD
0	vdw	A:GLU:759:C	A:PRO:761:N
0	vdw	A:GLU:759:O	A:PRO:761:N
0	vdw	A:GLU:759:C	A:PRO:761:CD
0	vdw	A:GLU:759:O	A:PRO:761:CD
0	vdw	A:ASP:758:CA	A:MET:754:O
0	vdw	A:GLU:759:N	A:VAL:755:O
0	vdw	A:GLU:759:N	A:LYS:757:C
0	vdw	A:ASP:758:CB	A:GLN:708:NE2
0	vdw	A:ASP:758:CB	A:MET:754:O
0	vdw	A:ALA:678:O	A:GLN:708:N
0	vdw	A:ALA:680:O	A:SER:682:N
0	vdw	A:ALA:680:N	A:SER:676:O
0	vdw	A:PRO:681:CD	A:THR:669:OG1
0	vdw	A:ALA:680:CB	A:LEU:671:CD2
0	vdw	A:ALA:680:N	A:PRO:677:C
0	vdw	A:ALA:680:N	A:PRO:677:O
0	vdw	A:ALA:680:CA	A:PRO:677:O
0	vdw	A:ALA:680:CB	A:PRO:677:C
0	vdw	A:ALA:680:CB	A:PRO:677:O
0	vdw	A:GLN:675:NE2	A:THR:669:CG2
0	vdw	A:ASP:758:CG	A:GLN:708:NE2
0	vdw	A:ALA:678:CB	A:GLN:708:OE1
0	vdw	A:ASP:758:OD2	A:GLN:708:CD
0	vdw	A:PRO:677:C	A:SER:679:N
0	vdw	A:PRO:677:O	A:SER:679:N
0	vdw	A:ALA:678:C	A:ALA:680:N
0	vdw	A:ALA:678:O	A:ALA:680:N
0	vdw	A:SER:676:C	A:SER:679:OG
0	vdw	A:SER:676:O	A:SER:679:OG
0	vdw	A:SER:676:CB	A:SER:679:OG
0	vdw	A:ALA:678:N	A:SER:676:C
0	vdw	A:GLN:675:NE2	A:LEU:671:CD2
0	vdw	A:ALA:672:O	A:GLN:675:CB
0	vdw	A:GLY:674:C	A:SER:676:N
0	vdw	A:GLY:674:O	A:SER:676:N
0	vdw	A:ALA:673:O	A:GLN:675:N
0	vdw	A:ASN:544:CB	A:GLU:541:O
0	vdw	A:ALA:540:O	A:ASN:544:CB
0	vdw	A:ALA:538:O	A:GLU:541:CA
0	vdw	A:GLU:541:C	A:LEU:543:N
0	vdw	A:GLU:541:O	A:LEU:543:N
0	vdw	A:ASN:544:N	A:GLU:541:O
0	vdw	A:ARG:545:CB	A:GLU:541:O
0	vdw	A:GLU:541:N	A:THR:537:O
0	vdw	A:GLU:541:CB	A:THR:537:O
0	vdw	A:GLU:541:CG	A:THR:537:O
0	vdw	A:ALA:538:C	A:GLU:541:N
0	vdw	A:ALA:538:O	A:GLU:541:N
0	vdw	A:ALA:538:O	A:GLU:541:CB
0	vdw	A:ALA:540:N	A:THR:537:O
0	vdw	A:ALA:538:C	A:ALA:540:N
0	vdw	A:ALA:538:O	A:ALA:540:N
0	vdw	A:GLU:541:N	A:PHE:539:C
0	vdw	A:GLU:541:N	A:PHE:539:O
0	vdw	A:PHE:539:N	A:THR:537:O
0	vdw	A:ALA:538:O	A:PHE:542:CB
0	vdw	A:ALA:538:N	A:GLN:534:O
0	vdw	A:PHE:539:N	A:THR:537:C
0	vdw	A:ALA:535:O	A:ALA:538:N
0	vdw	A:ALA:535:C	A:ALA:538:N
0	vdw	A:GLN:534:N	A:GLY:531:O
0	vdw	A:GLN:534:CB	A:GLY:531:O
0	vdw	A:ALA:535:N	A:GLY:531:O
0	vdw	A:GLN:534:N	A:VAL:532:O
0	vdw	A:GLN:534:C	A:MET:536:N
0	vdw	A:GLN:534:O	A:MET:536:N
0	vdw	A:ALA:535:N	A:VAL:532:O
0	vdw	A:ALA:535:CA	A:VAL:532:O
0	vdw	A:GLN:534:N	A:VAL:532:C
0	vdw	A:ALA:535:N	A:VAL:532:C
0	vdw	A:ALA:538:CB	A:GLN:534:O
0	vdw	A:GLU:530:C	A:VAL:532:N
0	vdw	A:GLU:530:O	A:VAL:532:N
0	vdw	A:ASN:544:O	A:GLY:547:CA
0	vdw	A:ARG:545:N	A:LEU:543:O
0	vdw	A:LEU:543:O	A:THR:546:C
0	vdw	A:GLY:547:N	A:LEU:543:O
0	vdw	A:ASN:544:C	A:GLY:547:N
0	vdw	A:ASN:544:O	A:GLY:547:N
0	vdw	A:ARG:545:N	A:PHE:542:C
0	vdw	A:ARG:545:N	A:LEU:543:C
0	vdw	A:ILE:548:N	A:LEU:543:O
0	vdw	A:ILE:548:CB	A:LEU:543:O
0	vdw	A:ILE:548:N	A:THR:546:C
0	vdw	A:LEU:543:O	A:THR:546:N
0	vdw	A:LEU:543:O	A:THR:546:CA
0	vdw	A:ASN:544:C	A:THR:546:N
0	vdw	A:ASN:544:O	A:THR:546:N
0	vdw	A:ARG:545:C	A:GLY:547:N
0	vdw	A:ARG:545:O	A:GLY:547:N
0	vdw	A:ARG:545:N	A:PHE:542:O
0	vdw	A:LEU:543:O	A:THR:546:OG1
0	vdw	A:ASN:544:CA	A:GLU:541:O
0	vdw	A:ARG:545:N	A:GLU:541:O
0	vdw	A:ALA:540:O	A:PHE:542:N
0	vdw	A:ALA:540:O	A:LEU:543:N
0	vdw	A:ALA:540:O	A:ASN:544:N
0	vdw	A:ASN:544:N	A:PHE:542:C
0	vdw	A:PHE:539:C	A:PHE:542:N
0	vdw	A:PHE:539:O	A:PHE:542:N
0	vdw	A:ALA:540:C	A:PHE:542:N
0	vdw	A:LEU:543:N	A:PHE:539:O
0	vdw	A:ALA:540:O	A:LEU:543:CB
0	vdw	A:ASN:544:N	A:PHE:542:O
0	vdw	A:ALA:538:O	A:PHE:542:N
0	vdw	A:ALA:535:O	A:PHE:539:CA
0	vdw	A:PHE:539:O	A:PHE:542:CB
0	vdw	A:PHE:539:CA	A:PHE:628:CD2
0	vdw	A:PHE:539:CA	A:PHE:628:CE2
0	vdw	A:PHE:539:O	A:PHE:542:CA
0	vdw	A:ALA:535:O	A:PHE:539:N
0	vdw	A:ALA:535:O	A:PHE:539:CB
0	vdw	A:PHE:539:CB	A:PHE:618:CZ
0	vdw	A:PHE:539:N	A:PHE:628:CE2
0	vdw	A:ALA:535:O	A:ALA:538:CB
0	vdw	A:ALA:535:C	A:VAL:532:O
0	vdw	A:ALA:535:CB	A:VAL:532:O
0	vdw	A:MET:536:N	A:VAL:532:O
0	vdw	A:ALA:535:CB	A:PHE:618:CE2
0	vdw	A:ALA:535:CB	A:LEU:619:CD2
0	vdw	A:ALA:535:CB	A:GLY:531:O
0	vdw	A:LEU:619:CD2	A:VAL:532:CA
0	vdw	A:LEU:619:CD1	A:VAL:532:CG2
0	vdw	A:ASN:529:CB	A:GLU:522:OE2
0	vdw	A:ASN:529:CB	A:LEU:619:CD1
0	vdw	A:ARG:510:N	A:VAL:508:O
0	vdw	A:THR:546:O	A:VAL:508:CG2
0	vdw	A:ASN:636:ND2	A:VAL:508:CG2
0	vdw	A:LYS:507:CA	A:THR:546:O
0	vdw	A:LYS:507:C	A:THR:546:O
0	vdw	A:LYS:507:CB	A:THR:546:O
0	vdw	A:THR:546:O	A:VAL:508:N
0	vdw	A:THR:546:O	A:VAL:508:CG1
0	vdw	A:ASN:636:CB	A:ILE:548:CD1
0	vdw	A:ILE:548:CG1	A:THR:546:OG1
0	vdw	A:ILE:548:CD1	A:THR:546:OG1
0	vdw	A:GLY:632:C	A:ILE:548:CD1
0	vdw	A:GLY:632:O	A:ILE:548:CD1
0	vdw	A:GLY:632:CA	A:LEU:543:CD2
0	vdw	A:LEU:543:CG	A:PHE:539:O
0	vdw	A:LEU:543:CD1	A:PHE:539:CE2
0	vdw	A:LEU:543:CD1	A:PHE:539:CZ
0	vdw	A:PHE:539:CD1	A:PHE:618:CE1
0	vdw	A:PHE:539:CE1	A:VAL:631:CG1
0	vdw	A:PHE:539:CZ	A:VAL:631:CG1
0	vdw	A:PHE:539:CD1	A:PHE:628:CG
0	vdw	A:PHE:539:CD1	A:PHE:628:CD1
0	vdw	A:PHE:539:CD1	A:PHE:628:CE1
0	vdw	A:PHE:539:CE1	A:VAL:631:CB
0	vdw	A:PHE:539:CG	A:PHE:618:CZ
0	vdw	A:PHE:618:CE1	A:PHE:628:CE1
0	vdw	A:PHE:618:CZ	A:PHE:628:CE1
0	vdw	A:LEU:586:CD2	A:PHE:618:CD2
0	vdw	A:LEU:586:CD2	A:PHE:618:CB
0	vdw	A:LEU:586:CD2	A:PHE:618:CG
0	vdw	A:ASN:529:ND2	A:GLU:522:OE2
0	vdw	A:ALA:615:CB	A:ASN:529:CG
0	vdw	A:ALA:615:CB	A:ASN:529:ND2
0	vdw	A:ASN:529:CG	A:LEU:619:CD1
0	vdw	A:ARG:510:N	A:THR:642:O
0	vdw	A:ARG:510:N	A:VAL:508:C
0	vdw	A:ASN:636:ND2	A:VAL:508:CB
0	vdw	A:ARG:510:O	A:ASN:636:ND2
0	vdw	A:ARG:510:O	A:THR:642:O
0	vdw	A:ASN:636:ND2	A:THR:642:O
0	vdw	A:ARG:510:O	A:GLY:641:C
0	vdw	A:ARG:510:O	A:THR:642:N
0	vdw	A:ASN:636:ND2	A:THR:642:C
0	vdw	A:ASN:636:ND2	A:VAL:508:CG1
0	vdw	A:ALA:509:N	A:THR:642:O
0	vdw	A:ALA:509:CA	A:THR:642:O
0	vdw	A:ALA:509:CB	A:THR:642:O
0	vdw	A:ASN:636:ND2	A:ASN:643:OD1
0	vdw	A:ASN:636:CB	A:GLY:632:O
0	vdw	A:ASN:636:CG	A:VAL:508:CG1
0	vdw	A:ASN:636:CB	A:LEU:633:O
0	vdw	A:ASN:636:CB	A:ASN:643:OD1
0	vdw	A:ASN:636:CG	A:ASN:643:OD1
0	vdw	A:GLY:632:O	A:VAL:635:CA
0	vdw	A:ASN:636:N	A:GLY:632:O
0	vdw	A:GLY:632:C	A:LYS:634:N
0	vdw	A:GLY:632:C	A:VAL:635:N
0	vdw	A:GLY:632:O	A:LYS:634:N
0	vdw	A:GLY:632:O	A:VAL:635:N
0	vdw	A:ASN:636:N	A:LEU:633:O
0	vdw	A:ASN:636:N	A:LYS:634:C
0	vdw	A:ASN:636:N	A:LYS:634:O
0	vdw	A:ALA:629:O	A:GLY:632:CA
0	vdw	A:GLY:632:CA	A:PHE:628:O
0	vdw	A:VAL:631:O	A:VAL:635:CG2
0	vdw	A:VAL:611:CG2	A:VAL:631:CG1
0	vdw	A:LYS:634:CB	A:VAL:631:O
0	vdw	A:LEU:633:N	A:VAL:631:O
0	vdw	A:CYS:613:SG	A:VAL:631:CG2
0	vdw	A:CYS:613:SG	A:TYR:627:OH
0	vdw	A:CYS:613:O	A:VAL:585:O
0	vdw	A:CYS:612:CA	A:VAL:585:O
0	vdw	A:CYS:612:C	A:VAL:585:O
0	vdw	A:CYS:613:N	A:VAL:585:O
0	vdw	A:CYS:613:O	A:LEU:586:CA
0	vdw	A:CYS:613:O	A:LEU:586:C
0	vdw	A:CYS:613:O	A:LEU:587:N
0	vdw	A:LEU:523:O	A:LEU:586:O
0	vdw	A:ALA:615:N	A:CYS:613:O
0	vdw	A:GLY:525:N	A:LEU:523:O
0	vdw	A:LEU:523:O	A:PRO:588:CB
0	vdw	A:LEU:523:O	A:PRO:588:N
0	vdw	A:LEU:523:O	A:PRO:588:CG
0	vdw	A:LEU:523:O	A:PRO:588:CD
0	vdw	A:ARG:589:N	A:LEU:587:C
0	vdw	A:LYS:524:C	A:PRO:588:CB
0	vdw	A:GLY:525:N	A:PRO:588:CB
0	vdw	A:GLY:525:CA	A:PRO:588:CB
0	vdw	A:GLY:525:C	A:LYS:527:N
0	vdw	A:ARG:510:CD	A:HIS:693:CD2
0	vdw	A:HIS:644:O	A:THR:642:CG2
0	vdw	A:GLY:695:CA	A:THR:642:OG1
0	vdw	A:GLY:641:O	A:LEU:637:CD2
0	vdw	A:LEU:633:O	A:LEU:637:N
0	vdw	A:LEU:637:N	A:LYS:634:C
0	vdw	A:LEU:637:N	A:LYS:634:O
0	vdw	A:LEU:637:CA	A:LYS:634:O
0	vdw	A:LEU:633:O	A:LEU:637:CG
0	vdw	A:LEU:633:O	A:VAL:635:N
0	vdw	A:LEU:633:C	A:VAL:635:N
0	vdw	A:LYS:634:N	A:VAL:631:O
0	vdw	A:LYS:634:CA	A:VAL:631:O
0	vdw	A:LYS:634:C	A:VAL:631:O
0	vdw	A:VAL:631:O	A:VAL:635:N
0	vdw	A:ASN:643:ND2	A:LEU:633:O
0	vdw	A:ASN:630:O	A:LYS:634:N
0	vdw	A:LYS:634:N	A:VAL:631:C
0	vdw	A:CYS:612:N	A:SO4:1939:O1
0	vdw	A:CYS:612:N	A:SO4:1939:O3
0	vdw	A:LYS:634:NZ	A:SO4:1939:O1
0	vdw	A:CYS:612:CB	A:TYR:595:CD2
0	vdw	A:CYS:612:CB	A:TYR:595:CE2
0	vdw	A:ARG:589:O	A:LEU:587:CB
0	vdw	A:LYS:524:C	A:PRO:588:CG
0	vdw	A:LYS:524:O	A:PRO:588:CG
0	vdw	A:ARG:589:NH1	A:ASP:591:OD2
0	vdw	A:GLN:692:C	A:LEU:694:N
0	vdw	A:GLN:692:C	A:LEU:694:CD1
0	vdw	A:ASP:691:O	A:HIS:693:N
0	vdw	A:GLY:695:N	A:HIS:693:C
0	vdw	A:GLN:696:N	A:LEU:694:C
0	vdw	A:GLY:695:N	A:HIS:693:O
0	vdw	A:GLY:695:O	A:MET:935:SD
0	vdw	A:GLY:695:C	A:TRP:697:CD1
0	vdw	A:GLY:695:O	A:TRP:697:CD1
0	vdw	A:ILE:938:OXT	A:SO4:1939:O2
0	vdw	A:ILE:938:O	A:LYS:634:CD
0	vdw	A:ILE:938:O	A:LYS:634:CE
0	vdw	A:SO4:1939:O3	A:TYR:595:CE2
0	vdw	A:SO4:1939:S	A:TYR:595:OH
0	vdw	A:SO4:1939:O3	A:TYR:595:OH
0	vdw	A:SO4:1939:O4	A:TYR:595:OH
0	vdw	A:CYS:612:CB	A:SO4:1939:O3
0	vdw	A:ASP:591:O	A:TYR:595:N
0	vdw	A:ASP:591:O	A:TYR:595:CB
0	vdw	A:TYR:595:CB	A:VAL:592:CA
0	vdw	A:ALA:593:C	A:TYR:595:N
0	vdw	A:ASP:591:O	A:ILE:594:CB
0	vdw	A:ASP:591:CG	A:ILE:594:CG1
0	vdw	A:ASP:591:CG	A:ILE:594:CD1
0	vdw	A:ASP:591:OD2	A:ILE:594:CD1
0	vdw	A:ALA:593:N	A:ASP:591:O
0	vdw	A:ASP:591:O	A:ILE:594:N
0	vdw	A:ALA:654:O	A:GLY:656:N
0	vdw	A:ALA:654:O	A:GLY:656:CA
0	vdw	A:LYS:655:O	A:LYS:657:CG
0	vdw	A:ALA:654:C	A:GLY:656:N
0	vdw	A:LYS:655:C	A:LYS:657:N
0	vdw	A:LYS:655:O	A:LYS:657:N
0	vdw	A:GLY:656:N	A:LEU:653:O
0	vdw	A:GLN:692:CB	A:GLY:656:CA
0	vdw	A:GLY:656:C	A:THR:658:N
0	vdw	A:GLY:656:CA	A:LEU:653:O
0	vdw	A:ASP:691:O	A:LEU:694:CD1
0	vdw	A:GLN:692:O	A:LEU:694:CD1
0	vdw	A:ASP:691:O	A:LEU:694:N
0	vdw	A:TRP:697:CB	A:TYR:937:OH
0	vdw	A:TRP:697:CB	A:TYR:888:CD2
0	vdw	A:TRP:697:CG	A:TYR:888:CD2
0	vdw	A:TRP:697:CG	A:TYR:888:CE2
0	vdw	A:TRP:697:CD1	A:TYR:888:CE2
0	vdw	A:LEU:694:O	A:TRP:697:NE1
0	vdw	A:MET:935:CE	A:TYR:937:OH
0	vdw	A:ARG:895:NH2	A:TYR:595:OH
0	vdw	A:ASN:596:OD1	A:VAL:592:O
0	vdw	A:ILE:594:N	A:VAL:592:C
0	vdw	A:ILE:594:N	A:VAL:592:O
0	vdw	A:ASN:596:CG	A:VAL:592:O
0	vdw	A:ASN:596:ND2	A:VAL:592:O
0	vdw	A:ASN:596:OD1	A:VAL:592:CG2
0	vdw	A:ALA:593:N	A:ASP:591:OD1
0	vdw	A:ALA:593:CA	A:ASP:591:OD1
0	vdw	A:ALA:593:CB	A:ASP:591:OD1
0	vdw	A:ASP:591:OD1	A:ILE:594:N
0	vdw	A:ALA:593:N	A:ASP:591:C
0	vdw	A:ASN:739:O	A:THR:658:CA
0	vdw	A:THR:689:CG2	A:TRP:697:CD2
0	vdw	A:THR:689:OG1	A:VAL:660:N
0	vdw	A:THR:689:OG1	A:VAL:660:O
0	vdw	A:THR:689:CG2	A:TRP:697:CZ2
0	vdw	A:THR:689:CG2	A:TRP:697:CH2
0	vdw	A:THR:689:CG2	A:TRP:697:CE2
0	vdw	A:PRO:885:CA	A:TRP:697:CZ3
0	vdw	A:TRP:697:CE3	A:VAL:687:CG2
0	vdw	A:PRO:885:CB	A:TRP:697:CZ3
0	vdw	A:TRP:697:CD2	A:TYR:888:CD2
0	vdw	A:PRO:884:O	A:TYR:888:CB
0	vdw	A:LEU:891:CA	A:TYR:888:O
0	vdw	A:LEU:891:C	A:TYR:888:O
0	vdw	A:TYR:888:O	A:VAL:892:N
0	vdw	A:LEU:891:N	A:TYR:888:C
0	vdw	A:LEU:891:N	A:TYR:888:O
0	vdw	A:LEU:891:CB	A:TYR:888:O
0	vdw	A:ASP:890:N	A:TYR:888:C
0	vdw	A:ASP:890:N	A:TYR:888:O
0	vdw	A:ARG:895:N	A:LEU:891:O
0	vdw	A:CYS:893:N	A:LEU:891:C
0	vdw	A:CYS:893:N	A:LEU:891:O
0	vdw	A:ASP:894:N	A:LEU:891:O
0	vdw	A:ASP:894:CB	A:LEU:891:O
0	vdw	A:ASP:890:C	A:VAL:892:N
0	vdw	A:ASP:890:O	A:VAL:892:N
0	vdw	A:ARG:895:N	A:CYS:893:O
0	vdw	A:ASN:596:CG	A:ILE:898:CD1
0	vdw	A:ASN:596:ND2	A:ILE:898:CD1
0	vdw	A:ASN:596:OD1	A:ILE:898:CD1
0	vdw	A:ASN:596:CG	A:VAL:592:CG2
0	vdw	A:ASN:739:ND2	A:LYS:657:O
0	vdw	A:ASN:739:ND2	A:THR:658:OG1
0	vdw	A:ASN:739:N	A:LYS:657:O
0	vdw	A:ASN:739:CB	A:THR:658:OG1
0	vdw	A:ASN:739:O	A:MET:659:N
0	vdw	A:ARG:778:O	A:ASN:739:C
0	vdw	A:LEU:652:CD2	A:THR:658:OG1
0	vdw	A:ASN:739:O	A:THR:658:C
0	vdw	A:LEU:652:O	A:THR:658:OG1
0	vdw	A:LEU:652:CD1	A:THR:658:OG1
0	vdw	A:ILE:740:CA	A:MET:659:O
0	vdw	A:ILE:740:C	A:MET:659:O
0	vdw	A:LEU:741:N	A:MET:659:O
0	vdw	A:LEU:741:O	A:VAL:660:CA
0	vdw	A:LEU:741:O	A:VAL:660:C
0	vdw	A:LEU:741:O	A:VAL:661:N
0	vdw	A:PHE:743:N	A:VAL:661:O
0	vdw	A:GLY:662:CA	A:PHE:743:O
0	vdw	A:ILE:742:CA	A:VAL:661:O
0	vdw	A:ILE:742:C	A:VAL:661:O
0	vdw	A:GLY:662:O	A:VAL:687:CG2
0	vdw	A:ALA:889:CB	A:GLY:662:O
0	vdw	A:ALA:889:CB	A:GLY:662:C
0	vdw	A:ALA:889:CB	A:TYR:663:CA
0	vdw	A:PRO:885:O	A:VAL:687:CG2
0	vdw	A:ALA:889:CB	A:PRO:885:O
0	vdw	A:ALA:886:O	A:ALA:889:CB
0	vdw	A:ALA:889:O	A:CYS:893:N
0	vdw	A:ALA:886:O	A:ALA:889:N
0	vdw	A:ALA:889:O	A:CYS:893:SG
0	vdw	A:ALA:889:C	A:VAL:892:N
0	vdw	A:ALA:889:O	A:VAL:892:N
0	vdw	A:ALA:889:O	A:VAL:892:CA
0	vdw	A:ALA:889:N	A:PRO:885:O
0	vdw	A:ALA:889:N	A:TYR:887:C
0	vdw	A:ALA:889:N	A:TYR:887:O
0	vdw	A:ALA:889:C	A:LEU:891:N
0	vdw	A:ALA:889:O	A:LEU:891:N
0	vdw	A:ASP:894:N	A:VAL:892:C
0	vdw	A:ASP:890:C	A:CYS:893:N
0	vdw	A:ASP:890:O	A:CYS:893:N
0	vdw	A:ASP:890:O	A:CYS:893:CA
0	vdw	A:ASP:890:O	A:ASP:894:N
0	vdw	A:ARG:895:N	A:CYS:893:C
0	vdw	A:ARG:897:CB	A:ASP:894:O
0	vdw	A:ASP:894:O	A:ILE:898:CG1
0	vdw	A:ASP:890:O	A:ASP:894:CB
0	vdw	A:ARG:778:NE	A:ASN:739:OD1
0	vdw	A:ARG:778:CZ	A:ASN:739:OD1
0	vdw	A:ARG:778:NH2	A:ASN:739:OD1
0	vdw	A:ASN:739:OD1	A:ILE:849:CG1
0	vdw	A:ARG:778:O	A:ASN:739:CA
0	vdw	A:ARG:778:O	A:ILE:740:N
0	vdw	A:ARG:778:O	A:ILE:849:CD1
0	vdw	A:ILE:740:CG2	A:ILE:742:CG1
0	vdw	A:ILE:740:O	A:ILE:779:CA
0	vdw	A:ILE:740:O	A:ILE:779:C
0	vdw	A:ILE:740:O	A:THR:780:N
0	vdw	A:ILE:740:O	A:ILE:849:CD1
0	vdw	A:ILE:742:CB	A:THR:780:O
0	vdw	A:ILE:742:CG2	A:TYR:663:CE1
0	vdw	A:ILE:742:CG2	A:LEU:781:CD1
0	vdw	A:GLY:685:O	A:TYR:663:CA
0	vdw	A:GLY:685:O	A:TYR:663:C
0	vdw	A:GLY:685:O	A:TYR:663:CB
0	vdw	A:ASP:745:N	A:TYR:663:O
0	vdw	A:ARG:744:CA	A:TYR:663:O
0	vdw	A:ARG:744:C	A:TYR:663:O
0	vdw	A:ARG:744:CD	A:TYR:663:O
0	vdw	A:GLY:662:C	A:PHE:743:O
0	vdw	A:PHE:743:O	A:TYR:663:N
0	vdw	A:PHE:743:O	A:TYR:663:O
0	vdw	A:ASP:664:N	A:GLY:685:O
0	vdw	A:ASP:664:O	A:GLY:685:O
0	vdw	A:ASP:664:O	A:CYS:893:SG
0	vdw	A:ASP:890:O	A:CYS:893:CB
0	vdw	A:ARG:897:NE	A:PHE:904:CE1
0	vdw	A:ARG:778:CD	A:GLU:848:O
0	vdw	A:ARG:778:CB	A:GLU:848:CB
0	vdw	A:ARG:778:CB	A:ILE:849:CG1
0	vdw	A:ARG:778:CA	A:GLU:848:OE1
0	vdw	A:ARG:778:C	A:GLU:848:OE1
0	vdw	A:GLU:848:OE1	A:ILE:779:N
0	vdw	A:GLU:848:OE1	A:ILE:779:CA
0	vdw	A:GLU:848:OE1	A:ILE:779:CB
0	vdw	A:GLU:848:OE1	A:ILE:779:O
0	vdw	A:ILE:742:CD1	A:ILE:779:CG2
0	vdw	A:GLU:759:CB	A:TYR:663:OH
0	vdw	A:GLU:759:CD	A:TYR:663:OH
0	vdw	A:GLU:759:OE1	A:TYR:663:OH
0	vdw	A:ARG:744:NE	A:TYR:663:CE2
0	vdw	A:GLU:759:OE1	A:TYR:663:CE2
0	vdw	A:GLU:759:OE1	A:TYR:663:CZ
0	vdw	A:ARG:744:NE	A:GLU:759:OE1
0	vdw	A:ARG:744:CD	A:TYR:663:CE2
0	vdw	A:ARG:744:CD	A:TYR:663:CZ
0	vdw	A:ARG:744:NH2	A:VAL:665:CB
0	vdw	A:ARG:744:NH2	A:VAL:665:CG2
0	vdw	A:ARG:744:NH1	A:VAL:665:N
0	vdw	A:ARG:744:NH1	A:VAL:665:CB
0	vdw	A:PRO:668:N	A:THR:666:C
0	vdw	A:PRO:668:CB	A:THR:666:CG2
0	vdw	A:ASP:911:OD1	A:LEU:907:O
0	vdw	A:ILE:756:O	A:LEU:760:CB
0	vdw	A:LEU:760:CD2	A:VAL:846:CG2
0	vdw	A:GLU:759:CB	A:VAL:755:O
0	vdw	A:LEU:760:N	A:VAL:755:O
0	vdw	A:ARG:744:NH2	A:GLU:759:CD
0	vdw	A:ARG:744:NH2	A:GLU:759:OE2
0	vdw	A:GLU:759:OE2	A:MET:754:SD
0	vdw	A:ARG:744:CZ	A:VAL:747:CG1
0	vdw	A:ARG:744:CZ	A:VAL:665:CB
0	vdw	A:ARG:744:CZ	A:VAL:665:CG2
0	vdw	A:GLU:759:OE1	A:VAL:755:CG1
0	vdw	A:HIS:667:CE1	A:VAL:665:CG1
0	vdw	A:HIS:667:C	A:THR:669:N
0	vdw	A:HIS:667:O	A:THR:669:N
0	vdw	A:LYS:757:N	A:MET:754:O
0	vdw	A:ASP:758:N	A:MET:754:O
0	vdw	A:LYS:757:N	A:VAL:755:C
0	vdw	A:LYS:757:N	A:VAL:755:O
0	vdw	A:ASP:758:N	A:ILE:756:C
0	vdw	A:LYS:757:N	A:MET:754:C
0	vdw	A:ASP:758:N	A:MET:754:C
0	vdw	A:LYS:757:C	A:MET:754:O
0	vdw	A:ILE:756:N	A:MET:754:O
0	vdw	A:PHE:752:O	A:VAL:755:CA
0	vdw	A:PHE:752:O	A:VAL:755:C
0	vdw	A:GLN:753:O	A:ILE:756:C
0	vdw	A:GLN:753:O	A:LYS:757:N
0	vdw	A:GLN:708:NE2	A:MET:754:CG
0	vdw	A:GLN:708:NE2	A:MET:754:SD
0	vdw	A:GLN:751:O	A:MET:754:C
0	vdw	A:ILE:756:N	A:MET:754:C
0	vdw	A:GLN:751:CB	A:MET:754:CE
0	vdw	A:ALA:672:N	A:ASN:670:O
0	vdw	A:GLN:753:O	A:LYS:757:CA
0	vdw	A:GLN:753:O	A:LYS:757:CB
0	vdw	A:GLN:753:O	A:LYS:757:CG
0	vdw	A:ASP:758:OD2	A:GLN:708:NE2
0	vdw	A:GLN:675:O	A:PRO:677:N
0	vdw	A:ALA:672:O	A:GLN:675:N
0	vdw	A:ALA:673:C	A:GLN:675:N
0	vdw	A:ALA:672:C	A:GLY:674:N
0	vdw	A:ALA:672:O	A:GLY:674:N
0	vdw	A:ARG:545:CA	A:PHE:542:O
0	vdw	A:ARG:545:CB	A:PHE:542:O
0	vdw	A:ARG:545:O	A:LYS:507:NZ
0	vdw	A:ARG:545:C	A:PHE:542:O
0	vdw	A:PHE:542:O	A:THR:546:N
0	vdw	A:PHE:542:O	A:THR:546:CG2
0	vdw	A:PHE:542:CD1	A:THR:546:CG2
0	vdw	A:PHE:542:CE1	A:THR:546:CG2
0	vdw	A:LEU:625:CD2	A:PHE:542:CD2
0	vdw	A:GLN:624:CG	A:PHE:628:CE2
0	vdw	A:GLN:624:CG	A:PHE:628:CZ
0	vdw	A:GLN:624:CD	A:PHE:628:CE2
0	vdw	A:GLN:624:CD	A:PHE:628:CZ
0	vdw	A:GLN:624:NE2	A:PHE:618:O
0	vdw	A:GLN:624:NE2	A:LEU:619:CA
0	vdw	A:GLN:624:NE2	A:PHE:618:C
0	vdw	A:GLN:624:CD	A:PHE:618:O
0	vdw	A:GLN:624:NE2	A:LEU:619:C
0	vdw	A:GLN:624:NE2	A:LEU:619:O
0	vdw	A:GLN:624:CG	A:PHE:618:O
0	vdw	A:ALA:615:O	A:LEU:619:CA
0	vdw	A:ALA:615:O	A:LEU:619:CB
0	vdw	A:ALA:615:O	A:LEU:619:CG
0	vdw	A:ALA:615:O	A:LEU:619:CD1
0	vdw	A:ASN:529:OD1	A:LEU:619:CD1
0	vdw	A:ALA:629:CA	A:PHE:542:CE1
0	vdw	A:ALA:629:N	A:PHE:542:CE1
0	vdw	A:PHE:628:O	A:VAL:631:N
0	vdw	A:GLY:632:N	A:PHE:628:O
0	vdw	A:GLN:624:O	A:PHE:628:CB
0	vdw	A:ASN:630:N	A:PHE:628:C
0	vdw	A:ASN:630:N	A:PHE:628:O
0	vdw	A:PHE:618:CD1	A:PHE:628:CE1
0	vdw	A:GLN:624:O	A:PHE:628:CG
0	vdw	A:GLN:624:O	A:PHE:628:CD1
0	vdw	A:GLN:624:CG	A:PHE:628:CE1
0	vdw	A:ALA:615:O	A:PHE:618:N
0	vdw	A:ALA:615:O	A:PHE:618:CB
0	vdw	A:ALA:615:O	A:LEU:619:N
0	vdw	A:LEU:619:N	A:LYS:617:C
0	vdw	A:LEU:619:N	A:LYS:617:O
0	vdw	A:PHE:618:N	A:VAL:614:O
0	vdw	A:GLU:616:C	A:PHE:618:N
0	vdw	A:PHE:618:C	A:SER:620:N
0	vdw	A:ALA:615:CB	A:ASN:529:OD1
0	vdw	A:GLU:616:N	A:VAL:614:C
0	vdw	A:GLU:616:N	A:VAL:614:O
0	vdw	A:ALA:615:C	A:LYS:617:N
0	vdw	A:ALA:615:O	A:LYS:617:N
0	vdw	A:ALA:615:CB	A:LEU:587:O
0	vdw	A:ALA:509:N	A:ASN:643:O
0	vdw	A:ASN:643:CG	A:LEU:633:CD2
0	vdw	A:ASN:643:ND2	A:LEU:633:CD2
0	vdw	A:ALA:629:O	A:LEU:633:N
0	vdw	A:ALA:629:O	A:LEU:633:CG
0	vdw	A:ALA:629:O	A:GLY:632:N
0	vdw	A:ASN:630:C	A:LEU:633:N
0	vdw	A:ASN:630:O	A:LEU:633:N
0	vdw	A:LEU:633:N	A:VAL:631:C
0	vdw	A:ASN:630:O	A:LEU:633:CA
0	vdw	A:ALA:629:O	A:LEU:633:CB
0	vdw	A:ALA:629:O	A:LEU:633:CD1
0	vdw	A:ASN:630:C	A:GLY:632:N
0	vdw	A:ASN:630:O	A:GLY:632:N
0	vdw	A:ASN:630:O	A:LYS:634:CG
0	vdw	A:TYR:627:O	A:VAL:631:N
0	vdw	A:TYR:627:O	A:VAL:631:CB
0	vdw	A:ALA:629:C	A:VAL:631:N
0	vdw	A:PHE:618:N	A:TYR:627:CE2
0	vdw	A:PHE:618:CA	A:TYR:627:CE2
0	vdw	A:TYR:627:O	A:VAL:631:CG2
0	vdw	A:CYS:613:CA	A:TYR:627:OH
0	vdw	A:CYS:613:C	A:TYR:627:OH
0	vdw	A:CYS:613:CB	A:TYR:627:OH
0	vdw	A:TYR:627:OH	A:VAL:614:N
0	vdw	A:LYS:617:CB	A:TYR:627:CZ
0	vdw	A:LEU:587:O	A:VAL:614:CA
0	vdw	A:LEU:587:O	A:VAL:614:C
0	vdw	A:ALA:615:N	A:LEU:587:O
0	vdw	A:ALA:615:CA	A:LEU:587:O
0	vdw	A:LYS:617:CB	A:VAL:614:O
0	vdw	A:LYS:617:N	A:VAL:614:O
0	vdw	A:LYS:617:CA	A:VAL:614:O
0	vdw	A:ARG:589:N	A:LEU:587:O
0	vdw	A:ALA:509:CB	A:ASN:645:CG
0	vdw	A:ALA:509:CB	A:ASN:645:OD1
0	vdw	A:ASN:643:ND2	A:LEU:633:C
0	vdw	A:ASN:643:ND2	A:LEU:633:CB
0	vdw	A:ASN:643:ND2	A:LEU:633:CA
0	vdw	A:ASN:643:ND2	A:LEU:633:CG
0	vdw	A:ASN:630:O	A:LEU:633:CB
0	vdw	A:ARG:589:C	A:ASP:591:N
0	vdw	A:ARG:589:O	A:ASP:591:N
0	vdw	A:ARG:589:O	A:ASP:591:CB
0	vdw	A:LEU:653:C	A:LYS:655:N
0	vdw	A:LEU:653:O	A:LYS:655:N
0	vdw	A:ALA:654:CB	A:PRO:651:O
0	vdw	A:LYS:655:N	A:PRO:651:O
0	vdw	A:ALA:654:CB	A:ILE:650:O
0	vdw	A:ALA:654:CB	A:PRO:649:CG
0	vdw	A:ALA:654:N	A:LEU:652:C
0	vdw	A:ALA:654:N	A:ILE:650:O
0	vdw	A:LEU:891:CD1	A:TYR:888:CD1
0	vdw	A:ILE:938:CD1	A:TYR:888:CE1
0	vdw	A:PRO:884:O	A:TYR:888:CD2
0	vdw	A:LEU:891:CD1	A:TYR:888:CA
0	vdw	A:LEU:891:CD1	A:TYR:887:CE2
0	vdw	A:LEU:891:CD1	A:TYR:887:CZ
0	vdw	A:LEU:891:CD1	A:TYR:887:CD2
0	vdw	A:LYS:655:CG	A:PRO:651:O
0	vdw	A:LEU:653:N	A:PRO:651:O
0	vdw	A:LEU:652:CA	A:TYR:854:OH
0	vdw	A:ALA:654:N	A:PRO:651:O
0	vdw	A:ALA:654:CA	A:PRO:651:O
0	vdw	A:LEU:652:CD1	A:LEU:865:CD1
0	vdw	A:LEU:653:N	A:PRO:651:C
0	vdw	A:ILE:650:O	A:LEU:652:C
0	vdw	A:ILE:650:O	A:LEU:653:N
0	vdw	A:ILE:650:O	A:LEU:653:CA
0	vdw	A:LEU:653:CG	A:LEU:865:CD1
0	vdw	A:LEU:653:CD1	A:LEU:694:CD2
0	vdw	A:PRO:885:CB	A:TRP:697:CH2
0	vdw	A:PRO:885:CG	A:TRP:697:CH2
0	vdw	A:CYS:883:SG	A:PRO:885:CD
0	vdw	A:CYS:883:C	A:PRO:885:N
0	vdw	A:CYS:883:O	A:PRO:885:N
0	vdw	A:CYS:883:C	A:PRO:885:CD
0	vdw	A:CYS:883:O	A:PRO:885:CD
0	vdw	A:MET:869:CE	A:PRO:885:CD
0	vdw	A:PRO:884:O	A:TYR:888:CG
0	vdw	A:PRO:884:O	A:TYR:888:N
0	vdw	A:PRO:884:O	A:TYR:888:CA
0	vdw	A:ALA:886:N	A:PRO:884:C
0	vdw	A:ALA:886:N	A:PRO:884:O
0	vdw	A:PRO:884:O	A:TYR:887:N
0	vdw	A:LEU:891:N	A:TYR:887:O
0	vdw	A:LEU:891:CB	A:TYR:887:O
0	vdw	A:LEU:891:CG	A:TYR:887:O
0	vdw	A:ASP:890:N	A:TYR:887:C
0	vdw	A:ASP:890:N	A:TYR:887:O
0	vdw	A:ASP:890:CA	A:TYR:887:O
0	vdw	A:ASP:890:C	A:TYR:887:O
0	vdw	A:ASP:890:CB	A:TYR:887:O
0	vdw	A:CYS:883:O	A:TYR:887:CA
0	vdw	A:LEU:891:CD2	A:TYR:887:OH
0	vdw	A:LEU:891:CG	A:TYR:887:CZ
0	vdw	A:LEU:891:CD2	A:TYR:887:CZ
0	vdw	A:ARG:778:CZ	A:ASP:853:OD2
0	vdw	A:ARG:778:NH2	A:ASP:853:OD2
0	vdw	A:ILE:849:CG2	A:LEU:652:CD2
0	vdw	A:LEU:741:CD2	A:PHE:743:CE1
0	vdw	A:LEU:741:CD2	A:PHE:743:CZ
0	vdw	A:LEU:741:CD2	A:LEU:865:CD2
0	vdw	A:LEU:741:CG	A:PHE:743:CE1
0	vdw	A:PRO:885:CG	A:VAL:660:CG1
0	vdw	A:TRP:697:CH2	A:VAL:660:CG1
0	vdw	A:PHE:743:CD1	A:PRO:885:CG
0	vdw	A:MET:869:CE	A:PRO:885:CG
0	vdw	A:PRO:885:C	A:TYR:887:N
0	vdw	A:ALA:886:CA	A:ASP:745:CG
0	vdw	A:ALA:886:CA	A:ASP:745:OD1
0	vdw	A:ALA:886:CA	A:ASP:745:OD2
0	vdw	A:ALA:886:C	A:ASP:745:OD2
0	vdw	A:ALA:886:C	A:TYR:888:N
0	vdw	A:ALA:886:N	A:CYS:883:O
0	vdw	A:CYS:883:O	A:TYR:887:N
0	vdw	A:ALA:886:O	A:ASP:890:N
0	vdw	A:ALA:886:O	A:ASP:890:CG
0	vdw	A:ALA:886:O	A:ASP:890:CB
0	vdw	A:ALA:886:O	A:ASP:745:OD2
0	vdw	A:ALA:886:O	A:ASP:890:OD1
0	vdw	A:ASP:745:OD2	A:ASP:890:CG
0	vdw	A:ALA:886:O	A:ASP:890:OD2
0	vdw	A:ASP:890:O	A:ASP:894:CG
0	vdw	A:ASP:890:O	A:ASP:894:OD1
0	vdw	A:ASP:890:O	A:ASP:894:OD2
0	vdw	A:ARG:778:NH1	A:ASP:853:OD1
0	vdw	A:ARG:778:NH1	A:GLU:848:O
0	vdw	A:ARG:778:NH1	A:ASP:853:CG
0	vdw	A:ARG:778:NH2	A:ASP:853:CG
0	vdw	A:ALA:852:CB	A:ARG:778:NH1
0	vdw	A:ILE:849:CB	A:THR:780:OG1
0	vdw	A:ILE:849:CG1	A:THR:780:OG1
0	vdw	A:ILE:779:C	A:ILE:849:CD1
0	vdw	A:ILE:849:CD1	A:THR:780:N
0	vdw	A:ILE:849:CD1	A:THR:780:CB
0	vdw	A:ILE:849:CD1	A:THR:780:OG1
0	vdw	A:ASP:847:OD1	A:ILE:849:CA
0	vdw	A:LEU:741:CA	A:THR:780:O
0	vdw	A:ILE:782:CD1	A:LEU:741:CD1
0	vdw	A:LEU:741:CD1	A:PHE:743:CE1
0	vdw	A:ILE:742:N	A:THR:780:O
0	vdw	A:ILE:742:CA	A:THR:780:O
0	vdw	A:ILE:742:O	A:LEU:781:CA
0	vdw	A:ILE:742:O	A:ILE:782:N
0	vdw	A:ILE:742:O	A:ILE:782:CA
0	vdw	A:ILE:742:O	A:ILE:782:O
0	vdw	A:ILE:782:O	A:PHE:743:CA
0	vdw	A:ILE:782:O	A:PHE:743:C
0	vdw	A:ARG:744:N	A:ILE:782:O
0	vdw	A:ALA:886:O	A:ASP:745:CG
0	vdw	A:ALA:886:CB	A:ASP:745:CG
0	vdw	A:ALA:886:CB	A:ASP:745:OD1
0	vdw	A:ASP:664:CB	A:ASP:745:CB
0	vdw	A:ASP:664:CB	A:ASP:890:OD1
0	vdw	A:ASP:664:CG	A:ASP:745:CB
0	vdw	A:ASP:664:CG	A:ASP:890:OD1
0	vdw	A:ASP:745:OD2	A:ASP:890:OD1
0	vdw	A:ASP:664:OD2	A:ASP:890:OD1
0	vdw	A:ASP:745:OD2	A:ASP:890:OD2
0	vdw	A:ALA:886:CB	A:ASP:745:OD2
0	vdw	A:ALA:852:CB	A:GLU:848:O
0	vdw	A:GLU:848:N	A:ILE:779:O
0	vdw	A:GLU:848:N	A:THR:780:OG1
0	vdw	A:GLU:848:CB	A:ILE:779:O
0	vdw	A:ASP:847:C	A:ILE:849:N
0	vdw	A:ASP:847:OD1	A:ILE:849:N
0	vdw	A:THR:780:CA	A:VAL:846:O
0	vdw	A:THR:780:C	A:VAL:846:O
0	vdw	A:THR:780:CB	A:VAL:846:O
0	vdw	A:LEU:781:N	A:VAL:846:O
0	vdw	A:THR:780:CG2	A:VAL:846:O
0	vdw	A:VAL:844:CG1	A:VAL:846:O
0	vdw	A:LEU:781:O	A:VAL:846:O
0	vdw	A:ASP:847:CA	A:THR:780:OG1
0	vdw	A:ASP:847:CG	A:THR:780:OG1
0	vdw	A:ASP:847:OD1	A:THR:780:OG1
0	vdw	A:ASP:745:CA	A:SER:784:O
0	vdw	A:ASP:664:OD1	A:ASP:745:C
0	vdw	A:ASP:664:OD1	A:ASP:745:O
0	vdw	A:ASP:664:OD1	A:GLY:746:CA
0	vdw	A:ASP:745:C	A:VAL:747:N
0	vdw	A:ASP:745:O	A:VAL:747:N
0	vdw	A:GLU:848:CG	A:ILE:779:O
0	vdw	A:LEU:781:CD2	A:VAL:755:CG1
0	vdw	A:LEU:781:CD2	A:LEU:845:CD1
0	vdw	A:PHE:752:O	A:VAL:755:CB
0	vdw	A:VAL:747:CG1	A:VAL:755:CG2
0	vdw	A:GLN:751:O	A:VAL:755:CG2
0	vdw	A:ARG:744:NH1	A:VAL:747:CG1
0	vdw	A:GLN:751:NE2	A:GLY:746:O
0	vdw	A:ILE:756:CG1	A:PHE:752:O
0	vdw	A:GLN:753:O	A:ILE:756:CB
0	vdw	A:GLN:753:NE2	A:ILE:756:CD1
0	vdw	A:ILE:756:N	A:PHE:752:O
0	vdw	A:MET:754:N	A:PHE:752:C
0	vdw	A:PHE:752:C	A:VAL:755:N
0	vdw	A:MET:754:N	A:PHE:752:O
0	vdw	A:PHE:752:O	A:VAL:755:N
0	vdw	A:GLN:751:C	A:GLN:753:N
0	vdw	A:GLN:751:O	A:GLN:753:N
0	vdw	A:GLN:753:C	A:ILE:756:N
0	vdw	A:GLN:753:O	A:ILE:756:N
0	vdw	A:GLN:753:O	A:ILE:756:CA
0	vdw	A:GLN:753:N	A:GLY:750:O
0	vdw	A:GLN:751:C	A:MET:754:N
0	vdw	A:GLN:751:O	A:MET:754:N
0	vdw	A:GLN:751:O	A:MET:754:CA
0	vdw	A:GLN:751:O	A:MET:754:CB
0	vdw	A:GLN:751:O	A:VAL:755:N
0	vdw	A:GLN:753:C	A:VAL:755:N
0	vdw	A:GLN:753:O	A:VAL:755:N
0	vdw	A:LEU:625:O	A:PHE:542:CZ
0	vdw	A:GLN:624:CB	A:SER:620:O
0	vdw	A:GLN:624:CG	A:SER:620:O
0	vdw	A:GLN:624:CB	A:THR:621:C
0	vdw	A:GLN:624:CB	A:THR:621:O
0	vdw	A:GLY:623:C	A:LEU:625:N
0	vdw	A:GLY:623:O	A:LEU:625:N
0	vdw	A:GLN:624:C	A:GLY:626:N
0	vdw	A:GLN:624:CD	A:SER:620:O
0	vdw	A:LEU:619:O	A:THR:621:N
0	vdw	A:LYS:622:N	A:SER:620:C
0	vdw	A:GLU:616:O	A:SER:620:N
0	vdw	A:GLU:616:O	A:SER:620:CA
0	vdw	A:ALA:629:CB	A:LEU:625:O
0	vdw	A:ALA:629:CB	A:GLY:626:C
0	vdw	A:ALA:629:CA	A:GLY:626:O
0	vdw	A:ALA:629:CB	A:GLY:626:O
0	vdw	A:LEU:625:C	A:TYR:627:N
0	vdw	A:LEU:625:C	A:PHE:628:N
0	vdw	A:LEU:625:O	A:PHE:628:N
0	vdw	A:ALA:629:N	A:LEU:625:O
0	vdw	A:GLY:626:C	A:PHE:628:N
0	vdw	A:ALA:629:N	A:GLY:626:C
0	vdw	A:ALA:629:N	A:TYR:627:C
0	vdw	A:GLN:624:O	A:TYR:627:N
0	vdw	A:GLN:624:O	A:PHE:628:N
0	vdw	A:ASN:630:N	A:TYR:627:C
0	vdw	A:GLY:626:O	A:PHE:628:N
0	vdw	A:ALA:629:N	A:GLY:626:O
0	vdw	A:ALA:629:N	A:TYR:627:O
0	vdw	A:GLY:623:O	A:TYR:627:N
0	vdw	A:GLN:624:O	A:TYR:627:CB
0	vdw	A:GLN:624:O	A:GLY:626:N
0	vdw	A:GLU:616:O	A:SER:620:CB
0	vdw	A:ALA:629:C	A:GLY:626:O
0	vdw	A:ASN:630:CA	A:LEU:633:CD1
0	vdw	A:ASN:630:N	A:GLY:626:O
0	vdw	A:ASN:630:N	A:TYR:627:O
0	vdw	A:ASN:630:CA	A:TYR:627:O
0	vdw	A:ASN:630:CB	A:TYR:627:O
0	vdw	A:LYS:617:CD	A:TYR:627:CE1
0	vdw	A:ILE:646:C	A:THR:648:N
0	vdw	A:ILE:646:O	A:THR:648:N
0	vdw	A:ASN:645:O	A:LYS:647:N
0	vdw	A:ILE:646:CD1	A:PRO:649:CB
0	vdw	A:ASP:868:O	A:ILE:646:CG2
0	vdw	A:ILE:646:CG2	A:TYR:871:CB
0	vdw	A:LEU:872:N	A:MET:869:O
0	vdw	A:CYS:870:C	A:LEU:872:N
0	vdw	A:CYS:870:O	A:LEU:872:N
0	vdw	A:CYS:870:O	A:LEU:872:C
0	vdw	A:CYS:870:O	A:LEU:872:O
0	vdw	A:ASP:868:OD2	A:ILE:650:N
0	vdw	A:ILE:646:CD1	A:PRO:649:CA
0	vdw	A:HIS:867:C	A:MET:869:N
0	vdw	A:HIS:867:O	A:MET:869:N
0	vdw	A:ASP:868:O	A:TYR:871:N
0	vdw	A:MET:869:N	A:THR:866:C
0	vdw	A:MET:869:N	A:THR:866:O
0	vdw	A:MET:869:CA	A:THR:866:O
0	vdw	A:ASP:868:O	A:TYR:871:CB
0	vdw	A:ASP:868:O	A:TYR:871:CA
0	vdw	A:MET:869:C	A:PRO:884:CG
0	vdw	A:MET:869:O	A:PRO:884:CG
0	vdw	A:MET:869:C	A:TYR:871:N
0	vdw	A:MET:869:O	A:TYR:871:N
0	vdw	A:ILE:650:CG2	A:LEU:652:N
0	vdw	A:PRO:651:CB	A:TYR:854:OH
0	vdw	A:LEU:652:N	A:TYR:854:OH
0	vdw	A:PRO:649:O	A:PRO:651:N
0	vdw	A:ILE:650:C	A:LEU:652:N
0	vdw	A:ILE:650:O	A:LEU:652:N
0	vdw	A:ILE:650:CG2	A:LEU:652:CB
0	vdw	A:ILE:650:CG2	A:THR:861:CG2
0	vdw	A:LEU:865:O	A:MET:869:CG
0	vdw	A:HIS:867:N	A:LEU:865:O
0	vdw	A:LEU:862:O	A:LEU:865:CB
0	vdw	A:LEU:865:O	A:MET:869:N
0	vdw	A:ILE:650:CG1	A:LEU:865:CB
0	vdw	A:ASP:868:CB	A:LEU:865:O
0	vdw	A:LEU:865:CB	A:THR:861:O
0	vdw	A:ASP:868:N	A:LEU:865:O
0	vdw	A:ASP:868:CA	A:LEU:865:O
0	vdw	A:ASP:868:C	A:LEU:865:O
0	vdw	A:CYS:883:SG	A:MET:869:CE
0	vdw	A:MET:869:CE	A:PHE:743:CZ
0	vdw	A:MET:869:CB	A:THR:866:O
0	vdw	A:CYS:883:CB	A:TYR:842:CZ
0	vdw	A:CYS:883:CB	A:TYR:842:OH
0	vdw	A:CYS:883:SG	A:THR:866:CG2
0	vdw	A:CYS:883:O	A:TYR:887:CB
0	vdw	A:THR:861:CG2	A:TYR:854:CE2
0	vdw	A:LEU:652:CB	A:TYR:854:OH
0	vdw	A:LEU:862:CD1	A:PHE:850:CZ
0	vdw	A:LEU:862:CD1	A:PHE:850:CE2
0	vdw	A:ASP:853:N	A:ILE:849:O
0	vdw	A:ASP:853:CB	A:ILE:849:O
0	vdw	A:ALA:852:C	A:TYR:854:N
0	vdw	A:ASP:853:C	A:GLY:855:N
0	vdw	A:ARG:851:C	A:ASP:853:N
0	vdw	A:ASP:853:N	A:PHE:850:O
0	vdw	A:ARG:851:O	A:ASP:853:N
0	vdw	A:ARG:851:N	A:ILE:849:C
0	vdw	A:ALA:852:N	A:PHE:850:C
0	vdw	A:ASP:847:OD1	A:ILE:849:C
0	vdw	A:ASP:847:OD2	A:PHE:850:C
0	vdw	A:ALA:858:CB	A:PHE:850:C
0	vdw	A:ASP:847:CG	A:PHE:850:N
0	vdw	A:ASP:847:OD1	A:PHE:850:N
0	vdw	A:ASP:847:OD2	A:PHE:850:N
0	vdw	A:ASP:847:OD1	A:PHE:850:CA
0	vdw	A:ASP:847:OD2	A:PHE:850:CA
0	vdw	A:ASP:847:CG	A:PHE:850:CB
0	vdw	A:ASP:847:OD1	A:PHE:850:CB
0	vdw	A:ASP:847:OD2	A:PHE:850:CB
0	vdw	A:ASP:847:OD1	A:PHE:850:CD2
0	vdw	A:ALA:858:CB	A:PHE:850:CB
0	vdw	A:ILE:782:CG2	A:TYR:842:CB
0	vdw	A:ILE:782:CD1	A:LEU:862:CD2
0	vdw	A:SER:784:OG	A:TYR:842:CD1
0	vdw	A:SER:784:OG	A:TYR:842:CE1
0	vdw	A:ALA:852:CB	A:ILE:849:O
0	vdw	A:ARG:851:N	A:ASP:847:OD2
0	vdw	A:ASP:847:CB	A:VAL:844:CG1
0	vdw	A:ARG:851:CG	A:ASP:847:OD2
0	vdw	A:VAL:844:CG1	A:VAL:846:C
0	vdw	A:ILE:782:CG1	A:THR:780:CG2
0	vdw	A:ILE:782:CA	A:THR:843:O
0	vdw	A:ILE:782:C	A:THR:843:O
0	vdw	A:THR:843:O	A:VAL:783:N
0	vdw	A:LEU:781:O	A:VAL:844:C
0	vdw	A:LEU:781:O	A:LEU:845:N
0	vdw	A:LEU:781:O	A:LEU:845:CA
0	vdw	A:LEU:845:N	A:THR:843:O
0	vdw	A:LEU:781:O	A:VAL:844:CA
0	vdw	A:THR:843:O	A:VAL:783:CG1
0	vdw	A:ARG:744:O	A:VAL:783:CA
0	vdw	A:ARG:744:O	A:VAL:783:C
0	vdw	A:ARG:744:O	A:VAL:783:CB
0	vdw	A:VAL:747:CG2	A:VAL:783:CB
0	vdw	A:ARG:744:O	A:SER:784:N
0	vdw	A:VAL:747:CG2	A:VAL:783:CG2
0	vdw	A:PHE:752:CE1	A:VAL:783:CG2
0	vdw	A:VAL:783:CG2	A:VAL:785:CG1
0	vdw	A:ARG:851:CZ	A:ASP:847:O
0	vdw	A:ARG:851:NH2	A:ASP:847:O
0	vdw	A:VAL:844:C	A:VAL:846:N
0	vdw	A:LEU:781:O	A:VAL:846:N
0	vdw	A:LEU:845:CG	A:VAL:783:CG1
0	vdw	A:LEU:845:CD1	A:VAL:783:CG1
0	vdw	A:LEU:845:CD2	A:PHE:752:CD2
0	vdw	A:PHE:752:CE1	A:VAL:747:CG2
0	vdw	A:PHE:752:CE1	A:VAL:747:O
0	vdw	A:PHE:752:CD1	A:SER:748:O
0	vdw	A:PHE:752:CE1	A:SER:748:O
0	vdw	A:GLU:749:CA	A:PHE:752:CD1
0	vdw	A:GLU:749:C	A:PHE:752:CD1
0	vdw	A:GLU:749:O	A:PHE:752:CD1
0	vdw	A:GLU:749:CA	A:PHE:752:CE1
0	vdw	A:PHE:752:CE1	A:SER:748:C
0	vdw	A:GLN:751:NE2	A:VAL:747:CA
0	vdw	A:GLN:751:NE2	A:VAL:747:C
0	vdw	A:GLN:751:NE2	A:SER:748:N
0	vdw	A:VAL:747:C	A:VAL:785:CG1
0	vdw	A:VAL:747:O	A:VAL:785:CG1
0	vdw	A:GLU:749:O	A:PHE:752:CB
0	vdw	A:GLU:749:C	A:PHE:752:CG
0	vdw	A:GLU:749:O	A:PHE:752:CG
0	vdw	A:GLY:750:C	A:SER:748:O
0	vdw	A:GLN:751:N	A:SER:748:O
0	vdw	A:GLY:750:C	A:PHE:752:N
0	vdw	A:GLY:750:O	A:PHE:752:N
0	vdw	A:GLY:750:O	A:PHE:752:CA
0	vdw	A:GLY:750:N	A:SER:748:O
0	vdw	A:GLN:751:N	A:GLU:749:C
0	vdw	A:GLU:749:O	A:PHE:752:N
0	vdw	A:GLY:623:N	A:THR:621:C
0	vdw	A:GLY:623:N	A:THR:621:O
0	vdw	A:GLN:624:N	A:THR:621:O
0	vdw	A:GLN:624:N	A:LYS:622:C
0	vdw	A:GLN:624:N	A:LYS:622:O
0	vdw	A:LYS:622:O	A:SER:620:OG
0	vdw	A:GLY:623:O	A:GLY:626:N
0	vdw	A:ASP:868:CG	A:THR:648:O
0	vdw	A:ASP:868:OD2	A:THR:648:O
0	vdw	A:ASP:868:CB	A:GLN:864:O
0	vdw	A:ASP:868:CG	A:GLN:864:O
0	vdw	A:ASP:868:OD1	A:GLN:864:O
0	vdw	A:CYS:870:N	A:HIS:867:O
0	vdw	A:CYS:870:CB	A:HIS:867:O
0	vdw	A:ASP:868:C	A:CYS:870:N
0	vdw	A:ASP:868:N	A:THR:866:C
0	vdw	A:ILE:650:CG1	A:LEU:865:N
0	vdw	A:ILE:650:CG1	A:LEU:865:CA
0	vdw	A:GLN:864:C	A:ILE:650:CD1
0	vdw	A:ILE:650:CD1	A:LEU:865:N
0	vdw	A:ILE:650:CD1	A:LEU:865:CA
0	vdw	A:ILE:650:CD1	A:THR:861:O
0	vdw	A:GLN:864:CB	A:ILE:650:CD1
0	vdw	A:ASP:868:OD2	A:ILE:650:CG1
0	vdw	A:ASP:868:OD2	A:ILE:650:CD1
0	vdw	A:GLN:864:C	A:THR:866:N
0	vdw	A:GLN:864:C	A:HIS:867:N
0	vdw	A:GLN:864:O	A:THR:866:N
0	vdw	A:GLN:864:O	A:HIS:867:N
0	vdw	A:GLN:864:O	A:HIS:867:CA
0	vdw	A:HIS:867:N	A:LEU:865:C
0	vdw	A:LEU:862:C	A:LEU:865:N
0	vdw	A:LEU:862:O	A:LEU:865:N
0	vdw	A:LEU:862:O	A:LEU:865:CA
0	vdw	A:GLU:863:C	A:LEU:865:N
0	vdw	A:GLN:864:O	A:HIS:867:CB
0	vdw	A:GLN:864:O	A:HIS:867:C
0	vdw	A:ASP:868:N	A:GLN:864:O
0	vdw	A:ASP:868:N	A:LEU:865:C
0	vdw	A:CYS:870:SG	A:THR:866:O
0	vdw	A:GLU:863:O	A:THR:866:N
0	vdw	A:GLU:863:O	A:HIS:867:N
0	vdw	A:CYS:870:N	A:THR:866:O
0	vdw	A:THR:861:CB	A:TYR:854:CD2
0	vdw	A:THR:861:CG2	A:TYR:854:CD2
0	vdw	A:LYS:857:O	A:THR:861:OG1
0	vdw	A:LYS:857:C	A:THR:861:OG1
0	vdw	A:GLU:863:N	A:THR:861:C
0	vdw	A:ALA:858:O	A:THR:861:CA
0	vdw	A:ALA:858:O	A:THR:861:C
0	vdw	A:ALA:858:O	A:THR:861:CB
0	vdw	A:ALA:858:O	A:LEU:862:N
0	vdw	A:ASP:860:C	A:LEU:862:N
0	vdw	A:ASP:860:O	A:LEU:862:N
0	vdw	A:LEU:865:N	A:THR:861:O
0	vdw	A:LEU:865:CA	A:THR:861:O
0	vdw	A:LYS:857:O	A:THR:861:CA
0	vdw	A:LYS:857:O	A:THR:861:CB
0	vdw	A:ALA:859:O	A:LEU:862:N
0	vdw	A:LEU:862:O	A:THR:866:CB
0	vdw	A:LEU:862:O	A:THR:866:OG1
0	vdw	A:ALA:859:O	A:LEU:862:CA
0	vdw	A:ALA:859:O	A:LEU:862:CB
0	vdw	A:ALA:859:O	A:GLU:863:N
0	vdw	A:LEU:862:O	A:THR:866:N
0	vdw	A:ASP:860:O	A:GLU:863:N
0	vdw	A:GLN:864:N	A:LEU:862:C
0	vdw	A:GLN:864:N	A:LEU:862:O
0	vdw	A:THR:866:CG2	A:TYR:842:CE2
0	vdw	A:PHE:850:O	A:TYR:854:N
0	vdw	A:ARG:851:O	A:TYR:854:N
0	vdw	A:ARG:851:O	A:GLY:855:N
0	vdw	A:PHE:850:O	A:TYR:854:CA
0	vdw	A:PHE:850:O	A:TYR:854:CB
0	vdw	A:ALA:858:CB	A:PHE:850:O
0	vdw	A:ALA:858:O	A:ASP:860:N
0	vdw	A:ALA:858:O	A:ASP:860:C
0	vdw	A:ALA:858:O	A:THR:861:N
0	vdw	A:ALA:858:CB	A:GLY:855:O
0	vdw	A:LEU:862:CD2	A:VAL:844:CG2
0	vdw	A:TYR:842:CA	A:VAL:783:O
0	vdw	A:HIS:841:O	A:VAL:785:N
0	vdw	A:ARG:851:O	A:GLY:855:CA
0	vdw	A:TYR:842:C	A:VAL:783:O
0	vdw	A:THR:843:N	A:VAL:783:O
0	vdw	A:GLU:749:CA	A:PHE:752:CE2
0	vdw	A:GLU:749:CG	A:PHE:752:CE2
0	vdw	A:GLU:749:CA	A:PHE:752:CZ
0	vdw	A:GLU:749:O	A:PHE:752:CD2
0	vdw	A:GLY:750:N	A:SER:748:C
0	vdw	A:ASP:860:O	A:GLN:864:CG
0	vdw	A:GLU:863:O	A:HIS:867:CB
0	vdw	A:LYS:857:O	A:THR:861:N
0	vdw	A:LYS:857:CB	A:TYR:854:O
0	vdw	A:ASP:860:N	A:LYS:857:O
0	vdw	A:ALA:858:C	A:THR:861:N
0	vdw	A:ALA:859:C	A:THR:861:N
0	vdw	A:ALA:859:O	A:THR:861:N
0	vdw	A:ASP:860:O	A:GLN:864:N
0	vdw	A:ASP:860:O	A:GLN:864:CA
0	vdw	A:ASP:860:O	A:GLN:864:CB
0	vdw	A:ALA:859:O	A:GLU:863:CB
0	vdw	A:ALA:859:O	A:GLU:863:CG
0	vdw	A:LYS:857:N	A:TYR:854:O
0	vdw	A:LYS:857:CA	A:TYR:854:O
0	vdw	A:LYS:857:C	A:TYR:854:O
0	vdw	A:ALA:858:N	A:TYR:854:O
0	vdw	A:ALA:858:N	A:ASN:856:C
0	vdw	A:ALA:858:N	A:ASN:856:O
0	vdw	A:ALA:859:N	A:LYS:857:C
0	vdw	A:GLY:855:C	A:LYS:857:N
0	vdw	A:GLY:855:O	A:LYS:857:N
0	vdw	A:ALA:858:N	A:GLY:855:O
0	vdw	A:ALA:858:C	A:ASP:860:N
0	vdw	A:ALA:859:O	A:GLU:863:CD
0	vdw	A:ASN:856:N	A:TYR:854:O
